parent_source_uid,source_file_sha256,source_relative_upstream_path,source_corpus,canonical_wav_path,canonical_file_sha256,canonical_raw_pcm_sha256,sample_rate,channels,sample_width_bytes,frame_count,duration_seconds,rms_audit,peak_audit,canonicalisation_status
7f02cc581b1479c5e634f9d783f4be7313bfff54e2a17ce923da60ace3b70fbc,7f02cc581b1479c5e634f9d783f4be7313bfff54e2a17ce923da60ace3b70fbc,controlled_freeze/pilot_selected_files_v1.1/FSDnoisy18k.audio_test/104225.wav,FSDnoisy18k,[REDACTED_LOCAL_PATH]\Tony Hidayat\AQ_OpenWorld_Codec_Provenance\02_canonical_pcm\7f02cc581b1479c5.wav,80bad20fc371d2758facc4349866045ade942519c1c820419eda58a8eefbdf80,e559745ac8bfdb613fe87843d6056d7cb69f35a0b974b41f017b17358cd4c140,48000,1,2,96240,2.005000000,1708.153599356,22227,OK
dcf33ec2245edfa2429911df1fec5e633566e44c80604fb87d15543b9f56d2cc,dcf33ec2245edfa2429911df1fec5e633566e44c80604fb87d15543b9f56d2cc,controlled_freeze/pilot_selected_files_v1.1/FSDnoisy18k.audio_test/157142.wav,FSDnoisy18k,[REDACTED_LOCAL_PATH]\Tony Hidayat\AQ_OpenWorld_Codec_Provenance\02_canonical_pcm\dcf33ec2245edfa2.wav,f219d875bf2ce486b58a50653fd3a441ee38c2a186540e6865387d10137eefb1,c31ef1406e04ba54c2455b6ed902b6e0ff7a57bb2dd9b25efdf8b773c1fd3469,48000,1,2,180361,3.757520833,14810.918120262,32768,OK
e0fb562eaaff1144c91fbe692a2385166420319157831ea3a0ae7a54bbc2252c,e0fb562eaaff1144c91fbe692a2385166420319157831ea3a0ae7a54bbc2252c,controlled_freeze/pilot_selected_files_v1.1/FSDnoisy18k.audio_test/178263.wav,FSDnoisy18k,[REDACTED_LOCAL_PATH]\Tony Hidayat\AQ_OpenWorld_Codec_Provenance\02_canonical_pcm\e0fb562eaaff1144.wav,c9f73542f6424eb2ffdd6e5b44a5c8d6602bf10ac9427a91b5932c3a3b565fd1,c8253ecb8095fa6bc25235eb71051582d1467a17a79c0ce740e473a84bcf0732,48000,1,2,181070,3.772291667,2764.769989132,31610,OK
adb1fa7c9dff5bc8a24e9d7c5523fc944358d0a1d28152aafaf800b9bdaf1f06,adb1fa7c9dff5bc8a24e9d7c5523fc944358d0a1d28152aafaf800b9bdaf1f06,controlled_freeze/pilot_selected_files_v1.1/FSDnoisy18k.audio_test/18340.wav,FSDnoisy18k,[REDACTED_LOCAL_PATH]\Tony Hidayat\AQ_OpenWorld_Codec_Provenance\02_canonical_pcm\adb1fa7c9dff5bc8.wav,dc58f145f412fae65a63e416ff86c89aa140d00192cd289a1085688049205d86,4a5dd4536f75a8ae4463e4476852c8210a89e1ab79dd04d6c0917c068dab8190,48000,1,2,218661,4.555437500,724.939911352,13747,OK
445dc2b06dad58cb836270c0151312a06b3d4f3868f5fff89f9b32a2659b5ca4,445dc2b06dad58cb836270c0151312a06b3d4f3868f5fff89f9b32a2659b5ca4,controlled_freeze/pilot_selected_files_v1.1/FSDnoisy18k.audio_test/210033.wav,FSDnoisy18k,[REDACTED_LOCAL_PATH]\Tony Hidayat\AQ_OpenWorld_Codec_Provenance\02_canonical_pcm\445dc2b06dad58cb.wav,2ea1ca674c6e8479060c98a101422dd0bf9a0303531c45b1f32085335a90df21,14793c6cddf33322ffa9220a2e6c1230395456d5727792508b558d0aa1f246fb,48000,1,2,414153,8.628187500,3318.991241609,21951,OK
ee9ca94ae39e5ad1a28ad0655e88b905dd5ea7a00d5ea4b144f5c70d74058406,ee9ca94ae39e5ad1a28ad0655e88b905dd5ea7a00d5ea4b144f5c70d74058406,controlled_freeze/pilot_selected_files_v1.1/FSDnoisy18k.audio_test/233049.wav,FSDnoisy18k,[REDACTED_LOCAL_PATH]\Tony Hidayat\AQ_OpenWorld_Codec_Provenance\02_canonical_pcm\ee9ca94ae39e5ad1.wav,8bf279c08896a0766c645479cc228d4e71602dd7ec10946028288bec04e6252e,25b80453c3aa52bdbe524d857484a8238bfb2a17cb0acc487099f19ab3ae2bd5,48000,1,2,135141,2.815437500,175.362010462,5972,OK
bba69d4910df2f3b3399a3e2c390d074453884a00485d572792855e184e62c7d,bba69d4910df2f3b3399a3e2c390d074453884a00485d572792855e184e62c7d,controlled_freeze/pilot_selected_files_v1.1/FSDnoisy18k.audio_test/235667.wav,FSDnoisy18k,[REDACTED_LOCAL_PATH]\Tony Hidayat\AQ_OpenWorld_Codec_Provenance\02_canonical_pcm\bba69d4910df2f3b.wav,522140819d108f8c2f92419e63df8305e07fe66b6581d21443842715b24bc77f,20ee6b90b2081bd1dbb4135a85eb0a1095a122423101974bc086ee4f19c3639e,48000,1,2,441365,9.195104167,286.203330076,2721,OK
f589e7b335ed8797e30cec874b04595fa8df4a0d850a32f5c363e27ef69fb1c9,f589e7b335ed8797e30cec874b04595fa8df4a0d850a32f5c363e27ef69fb1c9,controlled_freeze/pilot_selected_files_v1.1/FSDnoisy18k.audio_test/270793.wav,FSDnoisy18k,[REDACTED_LOCAL_PATH]\Tony Hidayat\AQ_OpenWorld_Codec_Provenance\02_canonical_pcm\f589e7b335ed8797.wav,66504bc73923ab5c905318dda4480250bf02e98c2687d25d2e00f57d5c746ebd,203e7db3a2f28b99b866eed47baf6eeb7372f4c7a2bff671db965397c2614c70,48000,1,2,1159426,24.154708333,2227.216012097,19644,OK
a1f7ee8556867bd622de523d5d1c30d422ebe2fe5d38f8b1d24b91f3ad41eedb,a1f7ee8556867bd622de523d5d1c30d422ebe2fe5d38f8b1d24b91f3ad41eedb,controlled_freeze/pilot_selected_files_v1.1/FSDnoisy18k.audio_test/339369.wav,FSDnoisy18k,[REDACTED_LOCAL_PATH]\Tony Hidayat\AQ_OpenWorld_Codec_Provenance\02_canonical_pcm\a1f7ee8556867bd6.wav,c8392ca741ac039c91ccba7756bcb172a4afee19ec1fe6735824b5f82d808dd6,4b688e2319d2f01ee7e64a01487cc3978a5365d41fd0d8695335d31c3672c093,48000,1,2,216000,4.500000000,1974.712444450,32615,OK
83a5c73b335ca563941e14ed904cf51214f6bc3d2f843a22abca89231559406a,83a5c73b335ca563941e14ed904cf51214f6bc3d2f843a22abca89231559406a,controlled_freeze/pilot_selected_files_v1.1/FSDnoisy18k.audio_test/348308.wav,FSDnoisy18k,[REDACTED_LOCAL_PATH]\Tony Hidayat\AQ_OpenWorld_Codec_Provenance\02_canonical_pcm\83a5c73b335ca563.wav,67638d98450fcf636399778d1e95d0f52331c92099f7939a9a0c969c9f18f897,965d971dbf475a89e69353c611f37f8a9a229aaccaa5a77301ac30161cb175d7,48000,1,2,384002,8.000041667,570.490654856,31247,OK
95d2889d63d6971fc89c480f6edd1c22b393c7cbf4892f83cb693e25f7e32f60,95d2889d63d6971fc89c480f6edd1c22b393c7cbf4892f83cb693e25f7e32f60,controlled_freeze/pilot_selected_files_v1.1/FSDnoisy18k.audio_test/368684.wav,FSDnoisy18k,[REDACTED_LOCAL_PATH]\Tony Hidayat\AQ_OpenWorld_Codec_Provenance\02_canonical_pcm\95d2889d63d6971f.wav,b19bfe9ddc68e089cf2e1829b02ef3f927e46c7091ec04bc91a7036632e9b95b,015f98e6c6ec727f29dd3cc0314e962bda10936b1ca95c091cf2a3ae94916648,48000,1,2,384000,8.000000000,478.435534108,32452,OK
0faac5fa7ad25b42a02bb3eeffbef682d2fdaaa94198147d707e8c8d573296e6,0faac5fa7ad25b42a02bb3eeffbef682d2fdaaa94198147d707e8c8d573296e6,controlled_freeze/pilot_selected_files_v1.1/FSDnoisy18k.audio_test/370931.wav,FSDnoisy18k,[REDACTED_LOCAL_PATH]\Tony Hidayat\AQ_OpenWorld_Codec_Provenance\02_canonical_pcm\0faac5fa7ad25b42.wav,3d43abddec5041639f5a3f1f1a27fb4fe5ed2b37e098f45af0c62e93557efb17,8a04a192732e4b505ef8fadc624d2f51cb8ef9dbd459d71ffb30132eb8b8e9a0,48000,1,2,150400,3.133333333,180.287957943,4305,OK
e74fb3cc5a2576bb55ae4bbd89c4dd3cf530462e832d5badea3d100aa685b339,e74fb3cc5a2576bb55ae4bbd89c4dd3cf530462e832d5badea3d100aa685b339,controlled_freeze/pilot_selected_files_v1.1/FSDnoisy18k.audio_test/38468.wav,FSDnoisy18k,[REDACTED_LOCAL_PATH]\Tony Hidayat\AQ_OpenWorld_Codec_Provenance\02_canonical_pcm\e74fb3cc5a2576bb.wav,0ac26a7673ad7d7daacacb5f725914b71172659da31b6ceae25e67496a34073f,e13c83a04d33d874e90971dcd05cc2d99a4a272805f40d6262f4fb01f1a847c3,48000,1,2,185731,3.869395833,1202.322851894,12225,OK
3598cf0af2f54259ebe25cbffbbf286ad873eff00b5bf9cf98378e869ff2db5f,3598cf0af2f54259ebe25cbffbbf286ad873eff00b5bf9cf98378e869ff2db5f,controlled_freeze/pilot_selected_files_v1.1/FSDnoisy18k.audio_test/418523.wav,FSDnoisy18k,[REDACTED_LOCAL_PATH]\Tony Hidayat\AQ_OpenWorld_Codec_Provenance\02_canonical_pcm\3598cf0af2f54259.wav,670ad833596bf90f229d6a27ee91bbe32733e01bdf51e502136d5e865510ddee,bb07e22cc243549fecccdf41e58749c9f0184b9f23a7041346584db605a45703,48000,1,2,126720,2.640000000,765.412854107,21745,OK
369dcc324d8e52bcd44272d513d10fe6e179bf6ef7226fb5127edc65c85cf188,369dcc324d8e52bcd44272d513d10fe6e179bf6ef7226fb5127edc65c85cf188,controlled_freeze/pilot_selected_files_v1.1/FSDnoisy18k.audio_test/5364.wav,FSDnoisy18k,[REDACTED_LOCAL_PATH]\Tony Hidayat\AQ_OpenWorld_Codec_Provenance\02_canonical_pcm\369dcc324d8e52bc.wav,f650a51538cfaaa29272461ad5dab8b5a5da69ada4aab6e2fcebec13fd3ab585,d44e9c475dccfa74c0b86fd0be6916ff8ffc90d2eafe9c6790aa90a42d7e38c2,48000,1,2,109807,2.287645833,11022.113422985,28438,OK
8e3243e80ccc9bb82a4183d011fba21bad4606f91d223040c1734789a8bbbeec,8e3243e80ccc9bb82a4183d011fba21bad4606f91d223040c1734789a8bbbeec,controlled_freeze/pilot_selected_files_v1.1/FSDnoisy18k.audio_test/56970.wav,FSDnoisy18k,[REDACTED_LOCAL_PATH]\Tony Hidayat\AQ_OpenWorld_Codec_Provenance\02_canonical_pcm\8e3243e80ccc9bb8.wav,bb9bad60ac2e7a492988a132a56af9259d5b992935d9d8d68cb2fd73d2ffc454,0f55b2859e0d0a48debe7b886d62656bfa78e3a3e4949b0ce032e9b4404d327d,48000,1,2,131674,2.743208333,2376.606440383,28053,OK
99ee8145fa3620b9bd6074de11a328fb2564b0d4b53414c0aca2623f432f3fbc,99ee8145fa3620b9bd6074de11a328fb2564b0d4b53414c0aca2623f432f3fbc,controlled_freeze/pilot_selected_files_v1.1/FSDnoisy18k.audio_test/60989.wav,FSDnoisy18k,[REDACTED_LOCAL_PATH]\Tony Hidayat\AQ_OpenWorld_Codec_Provenance\02_canonical_pcm\99ee8145fa3620b9.wav,61f7d820e9ef9acbe8902da0f3cfd5d8ea5af1458ea548f65910e93106a70700,b7d63f6a061df55319ff4193772df9a9d52a0a3c2196409a2bb3f9a4288b7acc,48000,1,2,276424,5.758833333,1236.692724566,17389,OK
bbd15d05ac7e0139ab6ad406b4de827a97278454ef140c874630d13ce5a5c21a,bbd15d05ac7e0139ab6ad406b4de827a97278454ef140c874630d13ce5a5c21a,controlled_freeze/pilot_selected_files_v1.1/FSDnoisy18k.audio_test/68718.wav,FSDnoisy18k,[REDACTED_LOCAL_PATH]\Tony Hidayat\AQ_OpenWorld_Codec_Provenance\02_canonical_pcm\bbd15d05ac7e0139.wav,9bcf7ec9ae64e8a493653e31399a27df5745d32d381bc586ebb440e7579f09c6,32e72c2ccf87b41c1f4a5d508aa1d1f7414afebdf06c4a7e1fec247b106434ad,48000,1,2,231829,4.829770833,664.018006173,11412,OK
0e40eca13f92456451a84af507f4d8fc056b6db66f304ced1f86525973125c5e,0e40eca13f92456451a84af507f4d8fc056b6db66f304ced1f86525973125c5e,controlled_freeze/pilot_selected_files_v1.1/FSDnoisy18k.audio_test/85550.wav,FSDnoisy18k,[REDACTED_LOCAL_PATH]\Tony Hidayat\AQ_OpenWorld_Codec_Provenance\02_canonical_pcm\0e40eca13f924564.wav,e8e65b74fad29a1a71825cd7e228d1159e09005ebb11f460a915d1611ef634df,3fa243d177e5ab405f8f897c6a18203b962f25d90f47c36e59af46fa3cbee3a2,48000,1,2,124736,2.598666667,928.741179516,6391,OK
0dd156b4733c791669875f97552bc9fd466264489c3676b782f38d907f267b89,0dd156b4733c791669875f97552bc9fd466264489c3676b782f38d907f267b89,controlled_freeze/pilot_selected_files_v1.1/FSDnoisy18k.audio_test/94993.wav,FSDnoisy18k,[REDACTED_LOCAL_PATH]\Tony Hidayat\AQ_OpenWorld_Codec_Provenance\02_canonical_pcm\0dd156b4733c7916.wav,fda3d8d83703ad039468f7c9593d54f6460a79cc05971bc2edd8721e9421e7c1,100c6f452fca6753181b1f0602a5bfa5a5e0f0f4fb0420f10ced07524e3ed847,48000,1,2,183536,3.823666667,699.884955660,30332,OK
1ce94b7c2428024d368fca02eb4a44bf94a25de79a0b68fbf09c6f5a77f34b75,1ce94b7c2428024d368fca02eb4a44bf94a25de79a0b68fbf09c6f5a77f34b75,controlled_freeze/pilot_selected_files_v1.1/IRMAS-TrainingData/cel/[cel][cla]0124__1.wav,IRMAS,[REDACTED_LOCAL_PATH]\Tony Hidayat\AQ_OpenWorld_Codec_Provenance\02_canonical_pcm\1ce94b7c2428024d.wav,3e0a1a132f320ee87f87a7b3a23a444887d777458c2e2286dbe1de0d46316b6b,0e34334cc5b8526e9876a54c5fda07d2e8e82373794005fa45c93a9dcc02381c,48000,1,2,143999,2.999979167,1572.940332721,7476,OK
d95541346dc63f3765a881b2a0c6499430685a38a967cd992e1a463ddbfb92bc,d95541346dc63f3765a881b2a0c6499430685a38a967cd992e1a463ddbfb92bc,controlled_freeze/pilot_selected_files_v1.1/IRMAS-TrainingData/cel/[cel][pop_roc]0016__3.wav,IRMAS,[REDACTED_LOCAL_PATH]\Tony Hidayat\AQ_OpenWorld_Codec_Provenance\02_canonical_pcm\d95541346dc63f37.wav,f5fda30bf364f59b8008e90bb946a6e284e87cedf0c0bbabefacf1eea233dbc1,454ae301b896738ebc7851c85458787aeb9404011d91c6519ebcee5ed010f69d,48000,1,2,143999,2.999979167,4724.848736520,15957,OK
f562fa903231b07d176e0fd36dbe01231142c8cee717e68b625878f79e11c280,f562fa903231b07d176e0fd36dbe01231142c8cee717e68b625878f79e11c280,controlled_freeze/pilot_selected_files_v1.1/IRMAS-TrainingData/cla/[cla][pop_roc]0208__1.wav,IRMAS,[REDACTED_LOCAL_PATH]\Tony Hidayat\AQ_OpenWorld_Codec_Provenance\02_canonical_pcm\f562fa903231b07d.wav,7aba264ba6df5b403bda2d98ad85a0551b1a52fa1a28024e0492551830e1cd59,f751287ee7e5959a28cd69ed7b2ff9256bc348dccce2f7c96c4de342ca9034fb,48000,1,2,143999,2.999979167,5399.355339539,32768,OK
878f258daf19f98e956a991cbd130bfc0bf70fe8cfa5db96508c76f7161536c7,878f258daf19f98e956a991cbd130bfc0bf70fe8cfa5db96508c76f7161536c7,controlled_freeze/pilot_selected_files_v1.1/IRMAS-TrainingData/cla/[cla][pop_roc]0294__1.wav,IRMAS,[REDACTED_LOCAL_PATH]\Tony Hidayat\AQ_OpenWorld_Codec_Provenance\02_canonical_pcm\878f258daf19f98e.wav,21b90c07155d9d6ac8b3484dc3f0f12d85718668fad3d6797ebb9ea85c9ad829,ac03e76199ad84995f28d535a6d690cb05362e87a04062a598794f958ed2137e,48000,1,2,143999,2.999979167,1896.675477028,6873,OK
749bf4f9a07107192c8c02e22d1b0e3b0d1112c017f1e550e7400ecfd97cd215,749bf4f9a07107192c8c02e22d1b0e3b0d1112c017f1e550e7400ecfd97cd215,controlled_freeze/pilot_selected_files_v1.1/IRMAS-TrainingData/flu/[flu][cla]0357__1.wav,IRMAS,[REDACTED_LOCAL_PATH]\Tony Hidayat\AQ_OpenWorld_Codec_Provenance\02_canonical_pcm\749bf4f9a0710719.wav,b9ebb05c36cda343dc2a367055874adfdf6bdd672917cd250647db6b5e6f21e2,8710bb763d6bc916bde7278166c1eb57d4bbcbd1a2b49a28a01227f51a7d6407,48000,1,2,143999,2.999979167,523.302567027,2435,OK
9526ed751dc3ec4e39648453883a62e0a9b493e34e11bd59ee766f961b2f7077,9526ed751dc3ec4e39648453883a62e0a9b493e34e11bd59ee766f961b2f7077,controlled_freeze/pilot_selected_files_v1.1/IRMAS-TrainingData/flu/[flu][pop_roc]0406__1.wav,IRMAS,[REDACTED_LOCAL_PATH]\Tony Hidayat\AQ_OpenWorld_Codec_Provenance\02_canonical_pcm\9526ed751dc3ec4e.wav,8b5b231cc9b1bad406f5bef3c597379dadadb1a5114decc0c4fd7e4ebd260fe7,4591f9e097066979017660ebdaa80c0d498909aa8757fb2eebfe5f47f7f4f059,48000,1,2,143999,2.999979167,1254.356219038,6725,OK
8925ac960caa673ba0187cf2526334bc2ea2f5e41f715ccb46dafb81fbef2102,8925ac960caa673ba0187cf2526334bc2ea2f5e41f715ccb46dafb81fbef2102,controlled_freeze/pilot_selected_files_v1.1/IRMAS-TrainingData/gac/[gac][cla]0596__3.wav,IRMAS,[REDACTED_LOCAL_PATH]\Tony Hidayat\AQ_OpenWorld_Codec_Provenance\02_canonical_pcm\8925ac960caa673b.wav,4a7c43e9435d9c55bde2925066b8d2d41f90016e0f056b41a6e5dd8baa805240,0045163aa754d1989e85d0619b525fb419ca0e7037a81448f890f2c5e2ead7e0,48000,1,2,143999,2.999979167,707.011596461,3306,OK
0bad14f47de56aca0f947f586d6b64ad40a49a10f5a1deb8661eb3c0e7a88298,0bad14f47de56aca0f947f586d6b64ad40a49a10f5a1deb8661eb3c0e7a88298,controlled_freeze/pilot_selected_files_v1.1/IRMAS-TrainingData/gac/[gac][pop_roc]0558__1.wav,IRMAS,[REDACTED_LOCAL_PATH]\Tony Hidayat\AQ_OpenWorld_Codec_Provenance\02_canonical_pcm\0bad14f47de56aca.wav,9b7739b08e199e3ff976e261e464ccb95967f9a53154b9069ba6316cebb6a388,8e81fcc8964629acdede1d8954ceb208367cbaedd63ab0d0306a89adb75281d0,48000,1,2,143999,2.999979167,598.811784863,3514,OK
8af7057c75695f161a8e843c2aafc18130deab8f58e184fe5f1d3d4907a8a305,8af7057c75695f161a8e843c2aafc18130deab8f58e184fe5f1d3d4907a8a305,controlled_freeze/pilot_selected_files_v1.1/IRMAS-TrainingData/gel/[gel][jaz_blu]0908__1.wav,IRMAS,[REDACTED_LOCAL_PATH]\Tony Hidayat\AQ_OpenWorld_Codec_Provenance\02_canonical_pcm\8af7057c75695f16.wav,2b4a649dfeff6757185ea58d8fe37fe8b5a7cd24778159ba4038e324dd8e3fa2,0039c93da4e3a4d2c80647ecba54e802fde9f2e110569926ae47907bbc1e2da3,48000,1,2,143999,2.999979167,2058.865552683,8647,OK
d31b07bcddfd263521915eb03086f0831a476fb75ef273708948d97e3d8f6f69,d31b07bcddfd263521915eb03086f0831a476fb75ef273708948d97e3d8f6f69,controlled_freeze/pilot_selected_files_v1.1/IRMAS-TrainingData/gel/[gel][jaz_blu]1008__1.wav,IRMAS,[REDACTED_LOCAL_PATH]\Tony Hidayat\AQ_OpenWorld_Codec_Provenance\02_canonical_pcm\d31b07bcddfd2635.wav,cf01b477b2cd0fc0f9ca8ff29c2aafa97ebad02c9d77f6baff53da064ea0aa78,2a2bc8169d3dacf78025e2d7b96f2556a459ea2e8060a2ac7e00ac21cd3115a3,48000,1,2,143999,2.999979167,4019.696349516,19870,OK
a6942fbfadb75552d92bdfc5f9c05df9b56466aa50a3d109af7676d76fd3ea69,a6942fbfadb75552d92bdfc5f9c05df9b56466aa50a3d109af7676d76fd3ea69,controlled_freeze/pilot_selected_files_v1.1/IRMAS-TrainingData/org/[org][jaz_blu]1205__2.wav,IRMAS,[REDACTED_LOCAL_PATH]\Tony Hidayat\AQ_OpenWorld_Codec_Provenance\02_canonical_pcm\a6942fbfadb75552.wav,c47ee707fe3f1aa53d6f8d2744e77640253467bb8cc0eba7d4395c1570fab47b,ab3bbeb4bbc349c7b1e30d128fb3774183165a3e72935f599c51650d140ef26c,48000,1,2,143999,2.999979167,1851.123139255,10385,OK
eaaa51188a7b5f40f919bba61963ba252c11a87b9dad7d2c3b548434e824e1d2,eaaa51188a7b5f40f919bba61963ba252c11a87b9dad7d2c3b548434e824e1d2,controlled_freeze/pilot_selected_files_v1.1/IRMAS-TrainingData/org/[org][pop_roc]1256__1.wav,IRMAS,[REDACTED_LOCAL_PATH]\Tony Hidayat\AQ_OpenWorld_Codec_Provenance\02_canonical_pcm\eaaa51188a7b5f40.wav,56bcc615db3999a5198850b2f8036dd58d85578b1cacfd7e10e2773363f2fe88,d5192140f089b4e213eb94d3a2cf0272da4b0ab2066f7b047ad873b610b7a013,48000,1,2,143999,2.999979167,4846.702656351,22670,OK
92b2c2b26861a157f3cab38517af79d905f376bf98e3645cee9a7880ac6d640d,92b2c2b26861a157f3cab38517af79d905f376bf98e3645cee9a7880ac6d640d,controlled_freeze/pilot_selected_files_v1.1/IRMAS-TrainingData/pia/[pia][jaz_blu]1518__1.wav,IRMAS,[REDACTED_LOCAL_PATH]\Tony Hidayat\AQ_OpenWorld_Codec_Provenance\02_canonical_pcm\92b2c2b26861a157.wav,12834a003eacf08938fbf0d42812920de41a4c3a6dbbd252f171dded478785e0,c02679f90169e2921c552d0fa08e25ad2455266972a6536b1634cebc28e3464e,48000,1,2,143999,2.999979167,1539.684254953,8522,OK
6e1c922ac2f5354541fbde0d491b42b5c448b388952c0fa0c4691a8884c3c39a,6e1c922ac2f5354541fbde0d491b42b5c448b388952c0fa0c4691a8884c3c39a,controlled_freeze/pilot_selected_files_v1.1/IRMAS-TrainingData/pia/[pia][pop_roc]1321__2.wav,IRMAS,[REDACTED_LOCAL_PATH]\Tony Hidayat\AQ_OpenWorld_Codec_Provenance\02_canonical_pcm\6e1c922ac2f53545.wav,c10e1462d54a694999619fa8c62ab99d6034e2958e4f58fa116a81e5ac6e1cf5,50a774ed8bee05ed1a2de683f7a9f2e565d57404c8f6b4288b8b85e14a8f2491,48000,1,2,143999,2.999979167,4662.056044980,20145,OK
7549a9820ba503515dd22ee915a3379915fca9012077180ed4afb0a3c4105ca0,7549a9820ba503515dd22ee915a3379915fca9012077180ed4afb0a3c4105ca0,controlled_freeze/pilot_selected_files_v1.1/IRMAS-TrainingData/sax/111__[sax][dru][jaz_blu]1711__2.wav,IRMAS,[REDACTED_LOCAL_PATH]\Tony Hidayat\AQ_OpenWorld_Codec_Provenance\02_canonical_pcm\7549a9820ba50351.wav,bfa3c103bdaa01c72264caf7d570d57f9eda2fc256f64aa8944d6a0985d09b64,4894fd58410932ab6afbd98bfe7a8c69347a63c4ef71577c33bdc62aae1cb534,48000,1,2,143999,2.999979167,5253.051794355,26252,OK
12e5197b32e316b617cd672d8937bc52cb23cc558c8969d366e25957e1d25ba8,12e5197b32e316b617cd672d8937bc52cb23cc558c8969d366e25957e1d25ba8,controlled_freeze/pilot_selected_files_v1.1/IRMAS-TrainingData/sax/189__[sax][nod][cla]1671__2.wav,IRMAS,[REDACTED_LOCAL_PATH]\Tony Hidayat\AQ_OpenWorld_Codec_Provenance\02_canonical_pcm\12e5197b32e316b6.wav,d90699f57abedf6162f0738bdf1db6a50eff742f64ccd6ea662b5f14bd68618d,2b510b13b25daf78d06d66083e9306e6e8f001105c7eb765a10922650c4c38cb,48000,1,2,143999,2.999979167,1416.914332283,5649,OK
9a0e57e91a7fd003d64b41410ff1ff6211fabf67091a7c7c85f46b3c96f8d992,9a0e57e91a7fd003d64b41410ff1ff6211fabf67091a7c7c85f46b3c96f8d992,controlled_freeze/pilot_selected_files_v1.1/IRMAS-TrainingData/tru/[tru][jaz_blu]1871__1.wav,IRMAS,[REDACTED_LOCAL_PATH]\Tony Hidayat\AQ_OpenWorld_Codec_Provenance\02_canonical_pcm\9a0e57e91a7fd003.wav,91110d07c00abb212ae498680bccc0d5d06e7e27e1f59df0e5caf3f6b352d9a4,4096d1f934addff0cbdc7a4db44db594e592fc58a0b7963aa5e4cd7bca4fdd58,48000,1,2,143999,2.999979167,2090.639546215,14165,OK
df91004cd5bbdfc53d53fefb52d499e79c8d6c46c9d61d1fe6555c547c9e91e6,df91004cd5bbdfc53d53fefb52d499e79c8d6c46c9d61d1fe6555c547c9e91e6,controlled_freeze/pilot_selected_files_v1.1/IRMAS-TrainingData/tru/[tru][jaz_blu]1957__3.wav,IRMAS,[REDACTED_LOCAL_PATH]\Tony Hidayat\AQ_OpenWorld_Codec_Provenance\02_canonical_pcm\df91004cd5bbdfc5.wav,0e302d1edd92d34bcac65bfa033df8cc8f1dd75afaa6c5c5dbaca3497d37bd11,1837333efd5c724dfb3a413634840eba6a3bcc26bfd04ba4aaaaa06983b882e2,48000,1,2,143999,2.999979167,643.173141863,3142,OK
301541d5e7429116af04b2607ae0e224203bb7e3113c8e1d4435430950be4b13,301541d5e7429116af04b2607ae0e224203bb7e3113c8e1d4435430950be4b13,controlled_freeze/pilot_selected_files_v1.1/IRMAS-TrainingData/vio/045__[vio][nod][cla]2173__1.wav,IRMAS,[REDACTED_LOCAL_PATH]\Tony Hidayat\AQ_OpenWorld_Codec_Provenance\02_canonical_pcm\301541d5e7429116.wav,4d6217bfb34187100bb728b62e118b45e2edc4f18e504f99b482f1165d3c4ffc,58ece5564d865b113588f61f537b653ba94d336a2ffdaf900db8bc46c1c18161,48000,1,2,143999,2.999979167,702.714803953,4223,OK
edcc4def8e34ce20869c243fe61e58060b0490518ee5376124f86a52f0b3f1b5,edcc4def8e34ce20869c243fe61e58060b0490518ee5376124f86a52f0b3f1b5,controlled_freeze/pilot_selected_files_v1.1/IRMAS-TrainingData/vio/[vio][cla]2138__1.wav,IRMAS,[REDACTED_LOCAL_PATH]\Tony Hidayat\AQ_OpenWorld_Codec_Provenance\02_canonical_pcm\edcc4def8e34ce20.wav,b60642ead617f47031badbf4258c42514eae8c60273e0f913bb267690ee665fb,f6a7e6ff8968e07fad6b4613000d880d97281c2094b2af525be6f304b418af60,48000,1,2,143999,2.999979167,977.617408784,5667,OK
261b9f06df4071fb66cde1680883a7dacdb52f7b127461da956c2df243396eba,261b9f06df4071fb66cde1680883a7dacdb52f7b127461da956c2df243396eba,controlled_freeze/pilot_selected_files_v1.1/IRMAS-TrainingData/voi/265__[voi][nod][cou_fol]2409__1.wav,IRMAS,[REDACTED_LOCAL_PATH]\Tony Hidayat\AQ_OpenWorld_Codec_Provenance\02_canonical_pcm\261b9f06df4071fb.wav,e8db08e5795337e8324c6d0e2df5d92b5ac1a28f67a4aeae1eeaa75cea554290,ab7f7f0ce28850d5e3c916b15173d79ce53f222b95bb8ed15963949a54d5b905,48000,1,2,143999,2.999979167,8741.020596973,32431,OK
766edcad0906e49f339a5c17613362ad634be4e02dcc2b51c92b8fd33c70f2e1,766edcad0906e49f339a5c17613362ad634be4e02dcc2b51c92b8fd33c70f2e1,controlled_freeze/pilot_selected_files_v1.1/IRMAS-TrainingData/voi/[voi][pop_roc]2341__2.wav,IRMAS,[REDACTED_LOCAL_PATH]\Tony Hidayat\AQ_OpenWorld_Codec_Provenance\02_canonical_pcm\766edcad0906e49f.wav,3106f952f644a8322de6cddbabc9625eafca8e60ed55bf95942494e5cb6c1108,40af7206d78fbc3acf14373076a396dd53af7e7a0f797c2bc9e69cabf5c13077,48000,1,2,143999,2.999979167,2953.136297286,12666,OK
b277be87ba241173c5215c496eab8b953a9b2f7b88313dc0771eb24b2d824840,b277be87ba241173c5215c496eab8b953a9b2f7b88313dc0771eb24b2d824840,controlled_freeze/pilot_selected_files_v1.1/Orchset/audio/mono/Beethoven-S9-II-ex1.wav,Orchset,[REDACTED_LOCAL_PATH]\Tony Hidayat\AQ_OpenWorld_Codec_Provenance\02_canonical_pcm\b277be87ba241173.wav,2a51e19e16da46f58469e31b6e1acf3613c20053075b2454c7dd700380fc7cff,c1ab79536cac8714eff88d204356d16968f87e97f137100b215791f0d2316273,48000,1,2,821082,17.105875000,2142.337695289,14399,OK
bc040d88c6bd2450beb2bdcdcc41e08667ca2d327db5a09f24b74aa0a028f6a0,bc040d88c6bd2450beb2bdcdcc41e08667ca2d327db5a09f24b74aa0a028f6a0,controlled_freeze/pilot_selected_files_v1.1/Orchset/audio/mono/Brahms-HungarianDance-n5-ex1.wav,Orchset,[REDACTED_LOCAL_PATH]\Tony Hidayat\AQ_OpenWorld_Codec_Provenance\02_canonical_pcm\bc040d88c6bd2450.wav,893ec98533423f8573916a2998de39462c9cd3c04f13bf9f66571f8ee48c745b,04ea413d845bd1dfe24d142a854a015ddd9b4bb9089808aa6258b251f25c4cc7,48000,1,2,1328362,27.674208333,4285.873383292,25884,OK
9f74b140a2a25e7686cf9dc935286ec4e07f96710c004b691455ce31cba6542f,9f74b140a2a25e7686cf9dc935286ec4e07f96710c004b691455ce31cba6542f,controlled_freeze/pilot_selected_files_v1.1/Orchset/audio/mono/Brahms-S3-III-ex1.wav,Orchset,[REDACTED_LOCAL_PATH]\Tony Hidayat\AQ_OpenWorld_Codec_Provenance\02_canonical_pcm\9f74b140a2a25e76.wav,ba406376818fbf547db8222100674182e222551f3386954e3554526526da384e,772a20736ea85eb0ad9a7fc5e03a0d417a619a5a093d020deab3052be91ec8d6,48000,1,2,1566751,32.640645833,881.390900901,5510,OK
5a3e15fdc0e4da9b85508c5000bbcbd0942e525f8f35cfa8a78dd3cfb2380f0b,5a3e15fdc0e4da9b85508c5000bbcbd0942e525f8f35cfa8a78dd3cfb2380f0b,controlled_freeze/pilot_selected_files_v1.1/Orchset/audio/mono/Dvorak-S9-IV-ex1.wav,Orchset,[REDACTED_LOCAL_PATH]\Tony Hidayat\AQ_OpenWorld_Codec_Provenance\02_canonical_pcm\5a3e15fdc0e4da9b.wav,ce262a90dec2111555e31990eb63a3146ec0abe98629e33724120bde3870cff2,833bc25ae4548bfb5fb1f51239d95c596ed5194fa2fb61d76c23e26abefad7ce,48000,1,2,1283413,26.737770833,4899.575485512,30943,OK
c6c22bd5d4b55c0d55adcfbcd823ba8be0c7129c194a773dfad2701688501de9,c6c22bd5d4b55c0d55adcfbcd823ba8be0c7129c194a773dfad2701688501de9,controlled_freeze/pilot_selected_files_v1.1/Orchset/audio/mono/Grieg-PeerGynt-MorningMood-ex1.wav,Orchset,[REDACTED_LOCAL_PATH]\Tony Hidayat\AQ_OpenWorld_Codec_Provenance\02_canonical_pcm\c6c22bd5d4b55c0d.wav,ea86eca3dc4a0fff04a8c49fe1979c8b716ed0dfe5e3ee8405e0e22d260dde6a,954f0231a69249807ac08daf175fed2fb2d8528f0324cf9d3beb36ae0d264328,48000,1,2,1267343,26.402979167,5061.246847672,29512,OK
307a51a20bb86fb2a2e78000594d8630739fdfd6a3992cd33028ac306d66bfae,307a51a20bb86fb2a2e78000594d8630739fdfd6a3992cd33028ac306d66bfae,controlled_freeze/pilot_selected_files_v1.1/Orchset/audio/mono/Grieg-PeerGynt-MorningMood-ex2.wav,Orchset,[REDACTED_LOCAL_PATH]\Tony Hidayat\AQ_OpenWorld_Codec_Provenance\02_canonical_pcm\307a51a20bb86fb2.wav,25b0d1e977df666754061e36fcae88761d1a53201d75955c1c3e7be76ffccee4,8c364bf5d0f94e23cdd4f55d26cbe0339ed1aee562aeac3129f6020174c6a70b,48000,1,2,1309521,27.281687500,2439.720615544,16293,OK
d1bdb878a2354fe9e2314b20524a3d2005c9dac55bc8af5fdc3455a2f3dbc865,d1bdb878a2354fe9e2314b20524a3d2005c9dac55bc8af5fdc3455a2f3dbc865,controlled_freeze/pilot_selected_files_v1.1/Orchset/audio/mono/Haydn-S94-Menuet-ex1.wav,Orchset,[REDACTED_LOCAL_PATH]\Tony Hidayat\AQ_OpenWorld_Codec_Provenance\02_canonical_pcm\d1bdb878a2354fe9.wav,141d278e5b8106578699d5cec411ef00575ba80e18bf8d3172006985a8fd26a2,0aa8ea0534dca7d1e4fae19404ec827487a13329b28ffbd2a303950374f77835,48000,1,2,1018160,21.211666667,1000.135296997,8221,OK
52455e80e43c83f4c8bdff924680911caa2d3d8d5cf1006c2a1c2d854e3d5907,52455e80e43c83f4c8bdff924680911caa2d3d8d5cf1006c2a1c2d854e3d5907,controlled_freeze/pilot_selected_files_v1.1/Orchset/audio/mono/Haydn-S94-Menuet-ex2.wav,Orchset,[REDACTED_LOCAL_PATH]\Tony Hidayat\AQ_OpenWorld_Codec_Provenance\02_canonical_pcm\52455e80e43c83f4.wav,079bb07842c96fd612fd76b69fe64fc87c12db7e7a19827862688d4ff9de0129,44685a480339169db32f1978829135402e19fdf7af7090ce5c3f3d95f69d15e5,48000,1,2,621840,12.955000000,1002.000701746,7706,OK
4238d31fd462e949bf8a77730c604520973ad1e1f8d1be46b81960e02961a997,4238d31fd462e949bf8a77730c604520973ad1e1f8d1be46b81960e02961a997,controlled_freeze/pilot_selected_files_v1.1/Orchset/audio/mono/Holst-ThePlanets-Jupiter-ex3.wav,Orchset,[REDACTED_LOCAL_PATH]\Tony Hidayat\AQ_OpenWorld_Codec_Provenance\02_canonical_pcm\4238d31fd462e949.wav,fc5edca83f29902fc6cde454245998e1d2807192e041dc2d28c0df5e61de9fff,c352d38217932dd1c0d11c82d264e07888837fe2a1ea30010cfd14f0f6b65a89,48000,1,2,1047760,21.828333333,1137.765819346,5753,OK
d812da637b05043d2a02215e99786dfe23ce12b6673dd1e2cb1be043b2ab3ce9,d812da637b05043d2a02215e99786dfe23ce12b6673dd1e2cb1be043b2ab3ce9,controlled_freeze/pilot_selected_files_v1.1/Orchset/audio/mono/Musorgski-Ravel-PicturesExhibition-Promenade1-ex1.wav,Orchset,[REDACTED_LOCAL_PATH]\Tony Hidayat\AQ_OpenWorld_Codec_Provenance\02_canonical_pcm\d812da637b05043d.wav,3a57f58b30c7b307a2a5688474cba89f806455d7517d601dc249a0626e70fe8d,eae93f4020617751dac60cc9dd22b26775433eac1fcb58af9cc97e39d03e8d58,48000,1,2,722630,15.054791667,1544.333040210,10964,OK
53be306e7fca4b772bcf47ad0f89b89df467ffef84dcd1781b376efac119a31f,53be306e7fca4b772bcf47ad0f89b89df467ffef84dcd1781b376efac119a31f,controlled_freeze/pilot_selected_files_v1.1/Orchset/audio/mono/Musorgski-Ravel-PicturesExhibition-ex7.wav,Orchset,[REDACTED_LOCAL_PATH]\Tony Hidayat\AQ_OpenWorld_Codec_Provenance\02_canonical_pcm\53be306e7fca4b77.wav,71a4f42b1e850c628a9cd823272847b7a892b3744f0049f890a46611ebc4d7e2,f9286663c96cfa82dd6eb77f8e063dc9046cbed192fafb9bca409400326b8325,48000,1,2,487081,10.147520833,1511.604389289,8210,OK
47e8e1c16b1cf7125b78fb3b740dc2c6269d818889c5fb70f55f6604579297ed,47e8e1c16b1cf7125b78fb3b740dc2c6269d818889c5fb70f55f6604579297ed,controlled_freeze/pilot_selected_files_v1.1/Orchset/audio/mono/Musorgski-Ravel-PicturesExhibition-ex8.wav,Orchset,[REDACTED_LOCAL_PATH]\Tony Hidayat\AQ_OpenWorld_Codec_Provenance\02_canonical_pcm\47e8e1c16b1cf712.wav,9f69c7c0fea8b038b84e22cd345a3fab15603da96004df4a30ee1f3733579a28,86c7bd7ef63da1593ee27c03e5e8b47b9282e3da3f71732f464bee7537319258,48000,1,2,1196045,24.917604167,1348.718691558,9224,OK
d06ab2695c78f267b64f92a456c036ec80cbcddca0e8f40f6d90a6c485b28150,d06ab2695c78f267b64f92a456c036ec80cbcddca0e8f40f6d90a6c485b28150,controlled_freeze/pilot_selected_files_v1.1/Orchset/audio/mono/Profofiev-Romeo&Juliet-DanceKnights-ex1.wav,Orchset,[REDACTED_LOCAL_PATH]\Tony Hidayat\AQ_OpenWorld_Codec_Provenance\02_canonical_pcm\d06ab2695c78f267.wav,abb7a7bd7a3401da26ae9fc831c3f3bacea47174f0353f22905fd10ecf0ff2b1,4834fb2448fc26036767e49003e8b287c8fcbda27e5bdc2a3394affef0c3f755,48000,1,2,938800,19.558333333,2148.684749862,12036,OK
dac0406b845669a23166281070b6870f0491e44b47a4816623b4e9f1fdcaa866,dac0406b845669a23166281070b6870f0491e44b47a4816623b4e9f1fdcaa866,controlled_freeze/pilot_selected_files_v1.1/Orchset/audio/mono/Ravel-Bolero-ex1.wav,Orchset,[REDACTED_LOCAL_PATH]\Tony Hidayat\AQ_OpenWorld_Codec_Provenance\02_canonical_pcm\dac0406b845669a2.wav,abd547c25a88873364d76bc0e390840ca2d9d2b585e11d38ac203c809682e1ca,f52dcde9d1c0515d057681eeea0b638148f3ab4312b6c873b9c0d3122909a685,48000,1,2,960613,20.012770833,1622.994326806,11238,OK
aea2badb195b977a275dd5cfa3320e28f27746515dd60c746a046e259ccd3a81,aea2badb195b977a275dd5cfa3320e28f27746515dd60c746a046e259ccd3a81,controlled_freeze/pilot_selected_files_v1.1/Orchset/audio/mono/Rimski-Korsakov-Scheherazade-Kalender-ex3.wav,Orchset,[REDACTED_LOCAL_PATH]\Tony Hidayat\AQ_OpenWorld_Codec_Provenance\02_canonical_pcm\aea2badb195b977a.wav,243e3d8907d44fe46b5188af27f34a4df38095fb001a16216dc26256790c0c35,3156e2205491e9f8f1da2f9a125701457cfab69123620592d715e0a1c550ab7e,48000,1,2,1345458,28.030375000,2388.365568225,22302,OK
7a552c3bdb042b769079a05424b009f5cfb7180c9426e94b321d7abdfc744594,7a552c3bdb042b769079a05424b009f5cfb7180c9426e94b321d7abdfc744594,controlled_freeze/pilot_selected_files_v1.1/Orchset/audio/mono/Rimski-Korsakov-Scheherazade-Sea-SinbadShip-ex2.wav,Orchset,[REDACTED_LOCAL_PATH]\Tony Hidayat\AQ_OpenWorld_Codec_Provenance\02_canonical_pcm\7a552c3bdb042b76.wav,8125cf2113da864de90c3b6bd92374a00f9a4cd3a064cf28c6bd81ace9b6e6ca,e1efb6ba051f06fd07f46b9c01626e3f998cc9790f9eede976178fdd282366e4,48000,1,2,1478580,30.803750000,2006.217020151,12879,OK
70fd39e6b71a9ae3e46ac5ae26a764ad4d7593d0b5a83bffdd91da2ac4449241,70fd39e6b71a9ae3e46ac5ae26a764ad4d7593d0b5a83bffdd91da2ac4449241,controlled_freeze/pilot_selected_files_v1.1/Orchset/audio/mono/Schubert-S8-II-ex2.wav,Orchset,[REDACTED_LOCAL_PATH]\Tony Hidayat\AQ_OpenWorld_Codec_Provenance\02_canonical_pcm\70fd39e6b71a9ae3.wav,679d17259441f1d3ad2dee7a26f2db00aba8d5bdc5a782113de20129f7154560,6ec754a78eb627ce331c4a3691494bc5fa91834a061dacf449a9e348e5173f0a,48000,1,2,1429767,29.786812500,558.390808974,4848,OK
7a7312578d621187f9bbb3c9d552255c69f2eea2f55ee22d32b347aa101308c7,7a7312578d621187f9bbb3c9d552255c69f2eea2f55ee22d32b347aa101308c7,controlled_freeze/pilot_selected_files_v1.1/Orchset/audio/mono/Strauss-BlueDanube-ex1.wav,Orchset,[REDACTED_LOCAL_PATH]\Tony Hidayat\AQ_OpenWorld_Codec_Provenance\02_canonical_pcm\7a7312578d621187.wav,79f6a4d6fe35742dfef36054f611686afddd2ab43fae8589671bbe9dfec641cc,32e89b5390c0c72916907611c7c0dad71bb74e0de9aaba45cddfb91ad1b75981,48000,1,2,1419531,29.573562500,2499.717228192,20534,OK
3312c64474e8ec3f4fa3d36556d538057b5cbd6d5ad2ceeaabe7335696bcf1c5,3312c64474e8ec3f4fa3d36556d538057b5cbd6d5ad2ceeaabe7335696bcf1c5,controlled_freeze/pilot_selected_files_v1.1/Orchset/audio/mono/Strauss-BlueDanube-ex3.wav,Orchset,[REDACTED_LOCAL_PATH]\Tony Hidayat\AQ_OpenWorld_Codec_Provenance\02_canonical_pcm\3312c64474e8ec3f.wav,a96dff89bcdd07c902135c136ac6f4773fe014990ffcd12eab421352cd23a5a8,c33e84dc1311665f824f2d7da135fd5fa52ab9b249b762bf6d08155942e85616,48000,1,2,717860,14.955416667,2707.106640806,20400,OK
c96a0ee32517db5f6383915bbe1905e6f2ed9e0883b74c9b8591d67256cf5a73,c96a0ee32517db5f6383915bbe1905e6f2ed9e0883b74c9b8591d67256cf5a73,controlled_freeze/pilot_selected_files_v1.1/Orchset/audio/mono/Wagner-Tannhauser-Act2-ex2.wav,Orchset,[REDACTED_LOCAL_PATH]\Tony Hidayat\AQ_OpenWorld_Codec_Provenance\02_canonical_pcm\c96a0ee32517db5f.wav,786071f2c75907e3b3034ef81e5ac1e7047b0db29729dd4d90290e8cc7d141f2,769f396f0cf43dbf2938bf8e1812b4b7d552b140b8afca7061b1d9bfa6dd22c1,48000,1,2,890740,18.557083333,1833.979660053,12301,OK
b0a78dcabbcafe1f7d22401fd70c3e30426d04061fe1c9c80c674a6bb3476040,b0a78dcabbcafe1f7d22401fd70c3e30426d04061fe1c9c80c674a6bb3476040,controlled_freeze/pilot_selected_files_v1.1/Orchset/audio/stereo/Beethoven-S9-II-ex1.wav,Orchset,[REDACTED_LOCAL_PATH]\Tony Hidayat\AQ_OpenWorld_Codec_Provenance\02_canonical_pcm\b0a78dcabbcafe1f.wav,dff64b2dc812bd78499c8a0f25bbf28e859f8df113ab5faf0dfdec1bd91f8c15,5dbf5db9d41195b9edf44585f91a47fc7190d4154603b2ae920ca7d1fdd30e9b,48000,1,2,821082,17.105875000,2142.150014038,14398,OK
c640e91c29868e4329f75d73a2ab0ebded07443fbff21c6cc93d52a3354277ce,c640e91c29868e4329f75d73a2ab0ebded07443fbff21c6cc93d52a3354277ce,controlled_freeze/pilot_selected_files_v1.1/Orchset/audio/stereo/Brahms-HungarianDance-n5-ex1.wav,Orchset,[REDACTED_LOCAL_PATH]\Tony Hidayat\AQ_OpenWorld_Codec_Provenance\02_canonical_pcm\c640e91c29868e43.wav,d40c7439647314082b57aa7c84dd02a658f8ab20c19a1de9280714f1bb34e825,5f3d734337cf80774c8eb98d3a5e6dddd36bf9b34914bdf0c22d42c69875dba7,48000,1,2,1328362,27.674208333,4285.687447568,25883,OK
0eb398e1291f4fedf30b4827143156eaac33cc8bb44f4c96fd855dd27a4ad35c,0eb398e1291f4fedf30b4827143156eaac33cc8bb44f4c96fd855dd27a4ad35c,controlled_freeze/pilot_selected_files_v1.1/Orchset/audio/stereo/Brahms-S3-III-ex1.wav,Orchset,[REDACTED_LOCAL_PATH]\Tony Hidayat\AQ_OpenWorld_Codec_Provenance\02_canonical_pcm\0eb398e1291f4fed.wav,d9365937bdd203489c0671804cca6fee8999d1683b1ff5dcf929ec99465bb48f,a02a16bb05f534992802e2367ced7d0aa12d1d949a5f6c37b47eba72a82d4951,48000,1,2,1566751,32.640645833,881.203666797,5510,OK
93856e9934d89d298b38dca00d777ed1a81ce065a37655fcebe9a7eee66ad573,93856e9934d89d298b38dca00d777ed1a81ce065a37655fcebe9a7eee66ad573,controlled_freeze/pilot_selected_files_v1.1/Orchset/audio/stereo/Dvorak-S9-IV-ex1.wav,Orchset,[REDACTED_LOCAL_PATH]\Tony Hidayat\AQ_OpenWorld_Codec_Provenance\02_canonical_pcm\93856e9934d89d29.wav,075d2594bf6d0eec26478170b2000d3581659c66017e1b3e4cbe1194ef2fe235,ca6832c6f7a1885b850180f601fc719172cfd7c8c8f9eac0411d793e34e62c59,48000,1,2,1283413,26.737770833,4899.392354798,30943,OK
08dcb05a1d1da9089ed9b7e384c01034ed43134f6c59346b6840e897ac936ac5,08dcb05a1d1da9089ed9b7e384c01034ed43134f6c59346b6840e897ac936ac5,controlled_freeze/pilot_selected_files_v1.1/Orchset/audio/stereo/Grieg-PeerGynt-MorningMood-ex1.wav,Orchset,[REDACTED_LOCAL_PATH]\Tony Hidayat\AQ_OpenWorld_Codec_Provenance\02_canonical_pcm\08dcb05a1d1da908.wav,0b7aa6e3cd3fed2b068f9a53822904bce94cec8e20eafa0a7513c7f747437a58,1f3088c4524f125134f6465e1718c829906223db3f8a174d5fdca469027cb0e0,48000,1,2,1267343,26.402979167,5061.051122803,29512,OK
6456b571733575322b6e289b34fb058bb222d8010b94453795b95df609d1dda2,6456b571733575322b6e289b34fb058bb222d8010b94453795b95df609d1dda2,controlled_freeze/pilot_selected_files_v1.1/Orchset/audio/stereo/Grieg-PeerGynt-MorningMood-ex2.wav,Orchset,[REDACTED_LOCAL_PATH]\Tony Hidayat\AQ_OpenWorld_Codec_Provenance\02_canonical_pcm\6456b57173357532.wav,23a761a03aa04361ec743d7834b4314b24e72c4dadb2677d09aafcd904476376,5c9696a9445d1aff6b9683490e8123efdeca0cfec9e850882179be69378705f9,48000,1,2,1309521,27.281687500,2439.536929004,16292,OK
19f56a2fabac21a231fc825e3a43ea23e37079dc5f5b0e8e474804bc2b71e23f,19f56a2fabac21a231fc825e3a43ea23e37079dc5f5b0e8e474804bc2b71e23f,controlled_freeze/pilot_selected_files_v1.1/Orchset/audio/stereo/Haydn-S94-Menuet-ex1.wav,Orchset,[REDACTED_LOCAL_PATH]\Tony Hidayat\AQ_OpenWorld_Codec_Provenance\02_canonical_pcm\19f56a2fabac21a2.wav,56874e5ff8ebf5eab43db486a409e28957b7b9ad257dd454f2af417c84376386,dca58f375712da0ce3113d811e78e3f8dbf8e9d60fd38102b9fe64bf4f81677c,48000,1,2,1018160,21.211666667,999.952256950,8221,OK
1bb22b1b6c0d4a81980318ab1436492436074a45f61fee72fd9adbdeadd58491,1bb22b1b6c0d4a81980318ab1436492436074a45f61fee72fd9adbdeadd58491,controlled_freeze/pilot_selected_files_v1.1/Orchset/audio/stereo/Haydn-S94-Menuet-ex2.wav,Orchset,[REDACTED_LOCAL_PATH]\Tony Hidayat\AQ_OpenWorld_Codec_Provenance\02_canonical_pcm\1bb22b1b6c0d4a81.wav,f5b239aa2009715b63d86b7b1d3e99225b7b8c4cb87316b943ab28df91dd5270,45ff81de41fec07da4cc33dec5097e081e13951a8fc640392d4f7c9d7d74a13d,48000,1,2,621840,12.955000000,1001.823333948,7706,OK
a796a40c473652eb3347f2a37eef95b3d544cdabf465836c687b8c9c101cc726,a796a40c473652eb3347f2a37eef95b3d544cdabf465836c687b8c9c101cc726,controlled_freeze/pilot_selected_files_v1.1/Orchset/audio/stereo/Holst-ThePlanets-Jupiter-ex3.wav,Orchset,[REDACTED_LOCAL_PATH]\Tony Hidayat\AQ_OpenWorld_Codec_Provenance\02_canonical_pcm\a796a40c473652eb.wav,0022c5c753f64d3d8ea4244ef81aa2cfa83915ea0c2fd92ee364a88ae4531fd6,3e2b9de52202f347cb48ee9637caff74e3d4e54fb1d70799c1f18b58ee2590db,48000,1,2,1047760,21.828333333,1137.569925018,5753,OK
84ab896cc5bd1f24d9850b7f437f60abb6eb81a6b82967dd03403c65d0af4b26,84ab896cc5bd1f24d9850b7f437f60abb6eb81a6b82967dd03403c65d0af4b26,controlled_freeze/pilot_selected_files_v1.1/Orchset/audio/stereo/Musorgski-Ravel-PicturesExhibition-Promenade1-ex1.wav,Orchset,[REDACTED_LOCAL_PATH]\Tony Hidayat\AQ_OpenWorld_Codec_Provenance\02_canonical_pcm\84ab896cc5bd1f24.wav,22382cf6d2c1b39ee317bee7e7cb6bd88c3d4fe0505601847910294837b77922,edc8924dba182d4a86f64a7548b6be2fa9110452a6617ee8b2ed48bd735dc891,48000,1,2,722630,15.054791667,1544.162032301,10964,OK
546604615f6ed72d886a0ee2d793995fc2fd7bec3cd803131c24f4afabbed95e,546604615f6ed72d886a0ee2d793995fc2fd7bec3cd803131c24f4afabbed95e,controlled_freeze/pilot_selected_files_v1.1/Orchset/audio/stereo/Musorgski-Ravel-PicturesExhibition-ex7.wav,Orchset,[REDACTED_LOCAL_PATH]\Tony Hidayat\AQ_OpenWorld_Codec_Provenance\02_canonical_pcm\546604615f6ed72d.wav,561757685b67e8adaf84d02ab10fd031fb12acb9d07fbc094117d3c61a025718,7961e11bb2b3e81a262fa6bb337e3b84cf050244fea8045e834abd8144433f04,48000,1,2,487081,10.147520833,1511.418361289,8209,OK
319f1797f3d4c3bb2b1642dfa8343bedb2bff3ca8a20c596916999d9e4aa8043,319f1797f3d4c3bb2b1642dfa8343bedb2bff3ca8a20c596916999d9e4aa8043,controlled_freeze/pilot_selected_files_v1.1/Orchset/audio/stereo/Musorgski-Ravel-PicturesExhibition-ex8.wav,Orchset,[REDACTED_LOCAL_PATH]\Tony Hidayat\AQ_OpenWorld_Codec_Provenance\02_canonical_pcm\319f1797f3d4c3bb.wav,abe472bc2688e7876164f34ddab76ec841ba19f6fac0931dc0e72720a521d865,73fdf51bacd926e95739bacbaf546e7e1469711f3a88ef8eb97c877e86d9ec76,48000,1,2,1196045,24.917604167,1348.533981064,9224,OK
a36ad2cfbfe5591d98a0894b8af832bd1eba408747d2f6d9bb45ed2ff00def09,a36ad2cfbfe5591d98a0894b8af832bd1eba408747d2f6d9bb45ed2ff00def09,controlled_freeze/pilot_selected_files_v1.1/Orchset/audio/stereo/Profofiev-Romeo&Juliet-DanceKnights-ex1.wav,Orchset,[REDACTED_LOCAL_PATH]\Tony Hidayat\AQ_OpenWorld_Codec_Provenance\02_canonical_pcm\a36ad2cfbfe5591d.wav,7d6b33599146b8878eba8ed86a3c5aa83a2c6f4ea099283988b351589c414914,b1ebfcc4a168a10ea23002635135718d2950b70c9721e316200dc119290f0c51,48000,1,2,938800,19.558333333,2148.490419820,12035,OK
1a80e4dc5225aa8cce026fff16ba0a2bc3f75bf5e5cd321ede9b2c48731dff6d,1a80e4dc5225aa8cce026fff16ba0a2bc3f75bf5e5cd321ede9b2c48731dff6d,controlled_freeze/pilot_selected_files_v1.1/Orchset/audio/stereo/Ravel-Bolero-ex1.wav,Orchset,[REDACTED_LOCAL_PATH]\Tony Hidayat\AQ_OpenWorld_Codec_Provenance\02_canonical_pcm\1a80e4dc5225aa8c.wav,cc8c275c8016dbc36f6224dca8b2f27b2a8da5f9bfbf5b992684fba9ef74efad,9b5e87e1b9f4905e931d5cb703a568488216065f6db5be9c26a310617731c112,48000,1,2,960613,20.012770833,1622.803584462,11237,OK
76b1eaa7cb26c603f367d27906239b1f7a729db2ff5821e3d880070f2947ca8c,76b1eaa7cb26c603f367d27906239b1f7a729db2ff5821e3d880070f2947ca8c,controlled_freeze/pilot_selected_files_v1.1/Orchset/audio/stereo/Rimski-Korsakov-Scheherazade-Kalender-ex3.wav,Orchset,[REDACTED_LOCAL_PATH]\Tony Hidayat\AQ_OpenWorld_Codec_Provenance\02_canonical_pcm\76b1eaa7cb26c603.wav,ff72b1dd7f2b20b6b0b27ca3033dcc1c2c30b42da996a43be2bd1100a6a091b9,aef9f464db3cab63b3503bd7b55ed8f49e3741eb6e0261cf59a59b10f7ad5b19,48000,1,2,1345458,28.030375000,2388.204854701,22302,OK
bc50062f8cb6311e7c30c650fd7f2ea06b3665521e31629b076dc8e6d461fd89,bc50062f8cb6311e7c30c650fd7f2ea06b3665521e31629b076dc8e6d461fd89,controlled_freeze/pilot_selected_files_v1.1/Orchset/audio/stereo/Rimski-Korsakov-Scheherazade-Sea-SinbadShip-ex2.wav,Orchset,[REDACTED_LOCAL_PATH]\Tony Hidayat\AQ_OpenWorld_Codec_Provenance\02_canonical_pcm\bc50062f8cb6311e.wav,c2cbd0d65df292b8e95169b0e424ce9f5e6ce1281b2fb0d26ff3e192fde48d53,3ffcb9c826e3c6688fc8a3949be38bf693528bbd82576b8481b8f15d35a56dbd,48000,1,2,1478580,30.803750000,2006.031618594,12879,OK
454548bc43c0d745cfdd5902742981e176a98e5844db0a0fb4848287ee17dc07,454548bc43c0d745cfdd5902742981e176a98e5844db0a0fb4848287ee17dc07,controlled_freeze/pilot_selected_files_v1.1/Orchset/audio/stereo/Schubert-S8-II-ex2.wav,Orchset,[REDACTED_LOCAL_PATH]\Tony Hidayat\AQ_OpenWorld_Codec_Provenance\02_canonical_pcm\454548bc43c0d745.wav,85c32b803781e3c0caf4bfcbb8cb480ef098900d50c7b1c791bfd8cd3aaed109,64a32ea0b822586955ba717238257120784afce18ecaaef257ede6c07e9c68ac,48000,1,2,1429767,29.786812500,558.223086694,4848,OK
882e525f84016a988f0deb80dbbc400eb13b6263fb009aa3620b2cbb63fe5a6f,882e525f84016a988f0deb80dbbc400eb13b6263fb009aa3620b2cbb63fe5a6f,controlled_freeze/pilot_selected_files_v1.1/Orchset/audio/stereo/Strauss-BlueDanube-ex1.wav,Orchset,[REDACTED_LOCAL_PATH]\Tony Hidayat\AQ_OpenWorld_Codec_Provenance\02_canonical_pcm\882e525f84016a98.wav,c0757b5087fea9f2c01299fe87e478daef0467e992074719e94cb3d9ff6064e4,7af29ca8adda1b57a543f0d587d6a83c971469a812b4d06c1dc077c5b2d40c93,48000,1,2,1419531,29.573562500,2499.532050213,20534,OK
9ddf7249e2a40b9a3a364fce57619ef3c30c00fb959fc7d3123beb09795cf37f,9ddf7249e2a40b9a3a364fce57619ef3c30c00fb959fc7d3123beb09795cf37f,controlled_freeze/pilot_selected_files_v1.1/Orchset/audio/stereo/Strauss-BlueDanube-ex3.wav,Orchset,[REDACTED_LOCAL_PATH]\Tony Hidayat\AQ_OpenWorld_Codec_Provenance\02_canonical_pcm\9ddf7249e2a40b9a.wav,81f6c647269b84c0c23b2c800ae8417bb89a1fbae459cd3fb1b0ae9ff6a6d806,ef91528671fa581274317a02626474a4c08c585a0adae2316baa3973ec3eca05,48000,1,2,717860,14.955416667,2706.919917945,20400,OK
e16955e7bb40bb6441adb32cd34d6bbac56e09a35f71b9e6979a62c244004e5c,e16955e7bb40bb6441adb32cd34d6bbac56e09a35f71b9e6979a62c244004e5c,controlled_freeze/pilot_selected_files_v1.1/Orchset/audio/stereo/Wagner-Tannhauser-Act2-ex2.wav,Orchset,[REDACTED_LOCAL_PATH]\Tony Hidayat\AQ_OpenWorld_Codec_Provenance\02_canonical_pcm\e16955e7bb40bb64.wav,ac00606aaef650ae35fc73f9cf3dd88d313aa5e2d83d4424202b343209652abf,8ab4c67f1341414ff3d894461b676ef08de2996da53efc864978838cc1cf9cf2,48000,1,2,890740,18.557083333,1833.790407720,12301,OK
