confirmation_parent_uid,source_corpus,selection_score,source_file_sha256,pcm_sha256,sample_rate,channels,sample_width_bits,sample_count,duration_seconds,canonical_pcm_path,upstream_parent_uid,existing_upstream_uid,absolute_source_path
210332eaa7f558fa294fc911b688d06e91e5a241ff8f913bad7cf35f382fd412,FSDnoisy18k,00438bd3d68dc7da28d3fd3625af6cab86069edd0143dbf51164df6f6879f0f0,06769a1244bc40a86177c84433f7fd2dca713188b002eba127d65aa92062aaf2,9c498f7469e14d36a634ac872df74138ffa24d833952a37115c0000dde548305,48000,1,16,96000,2.000000000,[REDACTED_LOCAL_PATH]\Tony Hidayat\AQ_OpenWorld_Codec_Provenance\23_confirmation_corpus_c1a\canonical_selected\FSDnoisy18k_06769a1244bc40a86177c844.wav,06769a1244bc40a86177c84433f7fd2dca713188b002eba127d65aa92062aaf2,FSDN-000753,[REDACTED_LOCAL_PATH]\Tony Hidayat\MM_Audio_Routing\source_archives\FSDnoisy18k.audio_test.zip!FSDnoisy18k.audio_test/140716.wav
2d87aadb2231328b9a9eceff51f71e89b4b7de6d459ad5c94b163bff4c920e9a,FSDnoisy18k,00619d2e1198c815397793fba42d92df31325fc9985c69de1b9fca36d44cba9d,2335b09b93dc3b0881c774e6dc7ff48c449f52c5b40cc0f02de5f1fb8d53e423,ad6de065f394c001a08253fe3da72341f1ebb1e24b3bc6e63c345c44e9380949,48000,1,16,96000,2.000000000,[REDACTED_LOCAL_PATH]\Tony Hidayat\AQ_OpenWorld_Codec_Provenance\23_confirmation_corpus_c1a\canonical_selected\FSDnoisy18k_2335b09b93dc3b0881c774e6.wav,2335b09b93dc3b0881c774e6dc7ff48c449f52c5b40cc0f02de5f1fb8d53e423,FSDN-000635,[REDACTED_LOCAL_PATH]\Tony Hidayat\MM_Audio_Routing\source_archives\FSDnoisy18k.audio_test.zip!FSDnoisy18k.audio_test/95332.wav
e4fb582fba64c3d437c774f1180962bdac4513af69af351aacd49d28d087413b,FSDnoisy18k,00f1a2e75d531d1d4fb54652167098dba6bdab2f6023e41d61e1fee0ba9b9443,a6db1b5877a61d1a1e18431dcc10d7301f3380e378dfda70ba14e6e82361a796,299c47e9da03cf9235fc008f8149c907a1de9dc8e9a49c6f8c0f9712201f218c,48000,1,16,96000,2.000000000,[REDACTED_LOCAL_PATH]\Tony Hidayat\AQ_OpenWorld_Codec_Provenance\23_confirmation_corpus_c1a\canonical_selected\FSDnoisy18k_a6db1b5877a61d1a1e18431d.wav,a6db1b5877a61d1a1e18431dcc10d7301f3380e378dfda70ba14e6e82361a796,FSDN-000217,[REDACTED_LOCAL_PATH]\Tony Hidayat\MM_Audio_Routing\source_archives\FSDnoisy18k.audio_test.zip!FSDnoisy18k.audio_test/175627.wav
eae50d9baeb2c8a1ac5f0699947e30a4216b73f7ebb59ed100610a3a64f7739e,FSDnoisy18k,01025b4222f5c179b33718ce5100cc95e66b121432b25fb149379257027a02ed,c65e0ffbbca937f351e7adf7101317f3247f6c07ebb53ca542a1f8fb48bc4fb4,69314c6b3129983e9329b43e31349e9f4c181f5f0c0da49c1822ab017160aacd,48000,1,16,96000,2.000000000,[REDACTED_LOCAL_PATH]\Tony Hidayat\AQ_OpenWorld_Codec_Provenance\23_confirmation_corpus_c1a\canonical_selected\FSDnoisy18k_c65e0ffbbca937f351e7adf7.wav,c65e0ffbbca937f351e7adf7101317f3247f6c07ebb53ca542a1f8fb48bc4fb4,FSDN-000705,[REDACTED_LOCAL_PATH]\Tony Hidayat\MM_Audio_Routing\source_archives\FSDnoisy18k.audio_test.zip!FSDnoisy18k.audio_test/264312.wav
f567be3233e24ea4b1282ecf18264d6fd88b772c22df7bf368b5812f6d94bead,FSDnoisy18k,01039cbaaf70d985ce2d93585b60ec7a4e4074c8be93d591aa5dd530e32b80bb,30c14d84962ac6d2ff10534a17928aa8bdd13b5576a80cb92f77682225af22aa,1cfc82c066ca1924bc3cc53469ece963d86240f85438ac6428979126bb69a46a,48000,1,16,96000,2.000000000,[REDACTED_LOCAL_PATH]\Tony Hidayat\AQ_OpenWorld_Codec_Provenance\23_confirmation_corpus_c1a\canonical_selected\FSDnoisy18k_30c14d84962ac6d2ff10534a.wav,30c14d84962ac6d2ff10534a17928aa8bdd13b5576a80cb92f77682225af22aa,FSDN-000138,[REDACTED_LOCAL_PATH]\Tony Hidayat\MM_Audio_Routing\source_archives\FSDnoisy18k.audio_test.zip!FSDnoisy18k.audio_test/55064.wav
064ee6e1a127c22405b50c8a4d9ea8988d20e1499f73df91f8cbc52128738fc5,FSDnoisy18k,010fd4c96f53b1300645b73423f3a91c4f3f698674db7dcf4f45aaeb7485c78d,2533870be341e9f02a5473f48f72edcecf803a9148d6843d52a29356fd10a1cc,eb813e3785733993a32b5e00345b6e7553c49a97234f74d2bb33a62c385ff437,48000,1,16,96000,2.000000000,[REDACTED_LOCAL_PATH]\Tony Hidayat\AQ_OpenWorld_Codec_Provenance\23_confirmation_corpus_c1a\canonical_selected\FSDnoisy18k_2533870be341e9f02a5473f4.wav,2533870be341e9f02a5473f48f72edcecf803a9148d6843d52a29356fd10a1cc,FSDN-000204,[REDACTED_LOCAL_PATH]\Tony Hidayat\MM_Audio_Routing\source_archives\FSDnoisy18k.audio_test.zip!FSDnoisy18k.audio_test/102709.wav
4afa0cb2dd383899abdd860475e53056b7bbdd6504d45f2beef01a09100924ab,FSDnoisy18k,0165ae63e874f02758c902ad50191e106d53f2a4ea1d71e67defb19fb1ce2833,f6c176f94e69ce035995642f001c03e59e2c1d73c5d707d92822a4c4dec550f1,b84d3e51ec6b6228def20bb4d700e4462b2383edea29a3bfe0d7076763ebc296,48000,1,16,96000,2.000000000,[REDACTED_LOCAL_PATH]\Tony Hidayat\AQ_OpenWorld_Codec_Provenance\23_confirmation_corpus_c1a\canonical_selected\FSDnoisy18k_f6c176f94e69ce035995642f.wav,f6c176f94e69ce035995642f001c03e59e2c1d73c5d707d92822a4c4dec550f1,FSDN-000357,[REDACTED_LOCAL_PATH]\Tony Hidayat\MM_Audio_Routing\source_archives\FSDnoisy18k.audio_test.zip!FSDnoisy18k.audio_test/411059.wav
3a599d5de4da533f7851ce06365eaaf2b2dedf5927a32bf0ef16bbb03a9bff4c,FSDnoisy18k,01c4cfd2f2bff43faa7f141ff170f9d1c1add4ef1faf1985e3f09a5fa27a80f8,2cc5b81247c2471f2fd77afcf2b3e2e0db795c11dbb1a81ae25ccd4104949c37,f9f607a5c1d2e9da9210afbb9c358e556ef6f8f227d563e9a0738f074791a2c6,48000,1,16,96000,2.000000000,[REDACTED_LOCAL_PATH]\Tony Hidayat\AQ_OpenWorld_Codec_Provenance\23_confirmation_corpus_c1a\canonical_selected\FSDnoisy18k_2cc5b81247c2471f2fd77afc.wav,2cc5b81247c2471f2fd77afcf2b3e2e0db795c11dbb1a81ae25ccd4104949c37,FSDN-000468,[REDACTED_LOCAL_PATH]\Tony Hidayat\MM_Audio_Routing\source_archives\FSDnoisy18k.audio_test.zip!FSDnoisy18k.audio_test/130787.wav
3b5f8cdbb06d2c0d23cbb1522c39a583d04c215bc62c398addbe9ceaf831a528,FSDnoisy18k,02c279688a19994693aa76d2365a7bf91fdeff3d85b11feb00dd0283cd7593f6,9d38f4d9cfd6540058deab1ad568fd7c1e5795a5cf30138b337c9c97774dbb2d,537413ae6626856a769268fbfa35a55ecd79db42dd2fe12450545cd0a3c39f72,48000,1,16,96000,2.000000000,[REDACTED_LOCAL_PATH]\Tony Hidayat\AQ_OpenWorld_Codec_Provenance\23_confirmation_corpus_c1a\canonical_selected\FSDnoisy18k_9d38f4d9cfd6540058deab1a.wav,9d38f4d9cfd6540058deab1ad568fd7c1e5795a5cf30138b337c9c97774dbb2d,FSDN-000497,[REDACTED_LOCAL_PATH]\Tony Hidayat\MM_Audio_Routing\source_archives\FSDnoisy18k.audio_test.zip!FSDnoisy18k.audio_test/392399.wav
9da734141392c8807de5709f85e9e0b646aa6ea7dc930b0d8b02a1f57b9b8b53,FSDnoisy18k,02eebdfb6bb607123fa7a8e2cec58d9b59fcb689e502363f2e2318269a525d55,6269ffac98265f08a39d72c501c7570b6d2d687250fdd27ee802f6685c2d6290,45f9e7795903febb0bd47289f6ccef48fbddc580b27483ed2034e00fdd58192b,48000,1,16,96000,2.000000000,[REDACTED_LOCAL_PATH]\Tony Hidayat\AQ_OpenWorld_Codec_Provenance\23_confirmation_corpus_c1a\canonical_selected\FSDnoisy18k_6269ffac98265f08a39d72c5.wav,6269ffac98265f08a39d72c501c7570b6d2d687250fdd27ee802f6685c2d6290,FSDN-000820,[REDACTED_LOCAL_PATH]\Tony Hidayat\MM_Audio_Routing\source_archives\FSDnoisy18k.audio_test.zip!FSDnoisy18k.audio_test/351519.wav
8ffba8f3049694607cd5b315f6a1b10551f48432025a6c1b468eea90deb3b9dd,FSDnoisy18k,035e4cfe277a2d84dbe2d0d790663af3efabea47427e29f8f99625512c21d1ba,6060f342fe12350e5b11468376ba0e5e2878cbf262723ac514e3ec9126142709,20263c3d405505493b57b3655db966f5ef11cf6654e64c1be762ec9c5bad3d30,48000,1,16,96000,2.000000000,[REDACTED_LOCAL_PATH]\Tony Hidayat\AQ_OpenWorld_Codec_Provenance\23_confirmation_corpus_c1a\canonical_selected\FSDnoisy18k_6060f342fe12350e5b114683.wav,6060f342fe12350e5b11468376ba0e5e2878cbf262723ac514e3ec9126142709,FSDN-000684,[REDACTED_LOCAL_PATH]\Tony Hidayat\MM_Audio_Routing\source_archives\FSDnoisy18k.audio_test.zip!FSDnoisy18k.audio_test/425433.wav
8d4b9b0bd1bcf8fbf5a2b06b035c5468ccc79dc87367502f4f94540babe17eab,FSDnoisy18k,038c4077daac97362ecca142d1e0da0798e647b95590c35955cd02cff38d87d3,eedfc04edd5c42ed9c281b0ef1a38c3c35f9c7cd6cf1e43a5f5628efc0cd9ef2,4a26281a9d8621c7e8de1bf5c2e13eeb420725f28e2aabd1e359f155cca9cf64,48000,1,16,96000,2.000000000,[REDACTED_LOCAL_PATH]\Tony Hidayat\AQ_OpenWorld_Codec_Provenance\23_confirmation_corpus_c1a\canonical_selected\FSDnoisy18k_eedfc04edd5c42ed9c281b0e.wav,eedfc04edd5c42ed9c281b0ef1a38c3c35f9c7cd6cf1e43a5f5628efc0cd9ef2,FSDN-000171,[REDACTED_LOCAL_PATH]\Tony Hidayat\MM_Audio_Routing\source_archives\FSDnoisy18k.audio_test.zip!FSDnoisy18k.audio_test/216911.wav
ea399286043bd0d95c68fbf26e943ff90fe66dcf1867712f42e5c4f69827b6b5,FSDnoisy18k,04be4e78e4b76681813046af59309d95e631e6e24ffb4e9a82957eb9fb324351,9c4413b40a8c6da5f550c37d297c61730b16dfbe5d95660e67cd92e3332ba700,1bd8bb6edb3dc77297e1fedaafb53fa2a93526a5f6ab8e615f1949bcc44913fe,48000,1,16,96000,2.000000000,[REDACTED_LOCAL_PATH]\Tony Hidayat\AQ_OpenWorld_Codec_Provenance\23_confirmation_corpus_c1a\canonical_selected\FSDnoisy18k_9c4413b40a8c6da5f550c37d.wav,9c4413b40a8c6da5f550c37d297c61730b16dfbe5d95660e67cd92e3332ba700,FSDN-000263,[REDACTED_LOCAL_PATH]\Tony Hidayat\MM_Audio_Routing\source_archives\FSDnoisy18k.audio_test.zip!FSDnoisy18k.audio_test/118862.wav
2ac25dbf3534abe45ac366eb00314308e4b06e483dd609405fff9136293725e1,FSDnoisy18k,04ceb8679e04e6a95bddc4b7cb49e115d75b009e005cb4756fe873f55e77dce6,0e8c0b658ef2f479563142af0ecccb81229a26cc0a5e78497df07281b710d219,93e1915c5bf93124fe1af2fc1383cb37208350fe32f376fe96def5dfd0373c19,48000,1,16,96000,2.000000000,[REDACTED_LOCAL_PATH]\Tony Hidayat\AQ_OpenWorld_Codec_Provenance\23_confirmation_corpus_c1a\canonical_selected\FSDnoisy18k_0e8c0b658ef2f479563142af.wav,0e8c0b658ef2f479563142af0ecccb81229a26cc0a5e78497df07281b710d219,FSDN-000371,[REDACTED_LOCAL_PATH]\Tony Hidayat\MM_Audio_Routing\source_archives\FSDnoisy18k.audio_test.zip!FSDnoisy18k.audio_test/101383.wav
359c18af6313d69035732b002cdd1c0c7e48c2bd9463333c0e3906aef6fe7120,FSDnoisy18k,0502559fd44d3396b145dddc0e46cf8922c0f2b801b351b8d2a25396fbe9ea1d,d7f5612c47ea5b919c9d3072bd3b7af1e9cccabfb0238be8d191875c52df8ffe,b2ed89fbe26595d85a8d2e1ce6749d857c3e9c4b46b002cf0ec8f54adfc86f1e,48000,1,16,96000,2.000000000,[REDACTED_LOCAL_PATH]\Tony Hidayat\AQ_OpenWorld_Codec_Provenance\23_confirmation_corpus_c1a\canonical_selected\FSDnoisy18k_d7f5612c47ea5b919c9d3072.wav,d7f5612c47ea5b919c9d3072bd3b7af1e9cccabfb0238be8d191875c52df8ffe,FSDN-000834,[REDACTED_LOCAL_PATH]\Tony Hidayat\MM_Audio_Routing\source_archives\FSDnoisy18k.audio_test.zip!FSDnoisy18k.audio_test/334517.wav
879e30705cd3c3442346006885ea9f6f08db3fc237806e606ca8d088824f3aff,FSDnoisy18k,053d479738dd64c6fc27eb16567fe9b42420aed356ed5b28439657a42e8a561a,ca0bd8117f4e748c4c668e07dc7de622bc0350f4b2ad14cbcd74edf6a5159b9b,894b82056bb5de02064352cf5ad25864def04e111fadaf7a055ce4be8daed70c,48000,1,16,96000,2.000000000,[REDACTED_LOCAL_PATH]\Tony Hidayat\AQ_OpenWorld_Codec_Provenance\23_confirmation_corpus_c1a\canonical_selected\FSDnoisy18k_ca0bd8117f4e748c4c668e07.wav,ca0bd8117f4e748c4c668e07dc7de622bc0350f4b2ad14cbcd74edf6a5159b9b,FSDN-000245,[REDACTED_LOCAL_PATH]\Tony Hidayat\MM_Audio_Routing\source_archives\FSDnoisy18k.audio_test.zip!FSDnoisy18k.audio_test/138099.wav
67c39f029476e7908e45083dff0ef5e06b3d6d9854ab1e415803f6b642429613,FSDnoisy18k,056c71449180c0354cf96b645d574b096b97f45e5228416a67d2100cf5f52262,c2f3f5596176d4d19c2da52db555f318b5cc01fa5ba62304ba4e62bdb3ee5b60,256f15c1e9038e8ec2eee35f51cb07abb36b68f73ba54d635e18df9f7c5c7d95,48000,1,16,96000,2.000000000,[REDACTED_LOCAL_PATH]\Tony Hidayat\AQ_OpenWorld_Codec_Provenance\23_confirmation_corpus_c1a\canonical_selected\FSDnoisy18k_c2f3f5596176d4d19c2da52d.wav,c2f3f5596176d4d19c2da52db555f318b5cc01fa5ba62304ba4e62bdb3ee5b60,FSDN-000330,[REDACTED_LOCAL_PATH]\Tony Hidayat\MM_Audio_Routing\source_archives\FSDnoisy18k.audio_test.zip!FSDnoisy18k.audio_test/241829.wav
dec319fb2ec5d2bc8aebc936f0284cffeeaee8159a5d8419dd341bb6aaa27a91,FSDnoisy18k,072aa8ecc85eeab9844abfc6aae60d5d100be2585e6413a15ce60fd0dd6e5be4,ea8a50adc401a54fe344f72cebdaed63ed4f063fea3c7bd8efb9cbf7618be7fb,c1ac323f9749cc8145bfb94d4f506b48b5c53c59f3158490026ad3ea613ee9cb,48000,1,16,96000,2.000000000,[REDACTED_LOCAL_PATH]\Tony Hidayat\AQ_OpenWorld_Codec_Provenance\23_confirmation_corpus_c1a\canonical_selected\FSDnoisy18k_ea8a50adc401a54fe344f72c.wav,ea8a50adc401a54fe344f72cebdaed63ed4f063fea3c7bd8efb9cbf7618be7fb,FSDN-000299,[REDACTED_LOCAL_PATH]\Tony Hidayat\MM_Audio_Routing\source_archives\FSDnoisy18k.audio_test.zip!FSDnoisy18k.audio_test/427140.wav
7d5b705446b82c50e814e1eb95e407783891979d2ad700f4720a54171b2c7c3f,FSDnoisy18k,090d36668dac3099dc8451bed45dbd9d664701f68bf6f2625ffad3f28014aeb9,fa5e4151a2df54c2b87b27ada38ab077f543e5c99ce9707b42107f97ec849e49,d672f8fec9078cc7d17843bbc48aa67f5938f7503f682a6c430da982c1195612,48000,1,16,96000,2.000000000,[REDACTED_LOCAL_PATH]\Tony Hidayat\AQ_OpenWorld_Codec_Provenance\23_confirmation_corpus_c1a\canonical_selected\FSDnoisy18k_fa5e4151a2df54c2b87b27ad.wav,fa5e4151a2df54c2b87b27ada38ab077f543e5c99ce9707b42107f97ec849e49,FSDN-000258,[REDACTED_LOCAL_PATH]\Tony Hidayat\MM_Audio_Routing\source_archives\FSDnoisy18k.audio_test.zip!FSDnoisy18k.audio_test/369932.wav
a6a5771299df9ee05662496677ddeca267206205e6911c3ffa20283cf6d46ff1,FSDnoisy18k,0928a56dfffb1edd357126a03dae265a8a5cb8a4abd26b2e3084d56a63f07758,04f3844c98389984c2b5d87a5a3518113f4bce51968062d675cce5b20cfae8a2,707bf76d529887f69b577200fa61044831db420e34081292436e5ca13708c2aa,48000,1,16,96000,2.000000000,[REDACTED_LOCAL_PATH]\Tony Hidayat\AQ_OpenWorld_Codec_Provenance\23_confirmation_corpus_c1a\canonical_selected\FSDnoisy18k_04f3844c98389984c2b5d87a.wav,04f3844c98389984c2b5d87a5a3518113f4bce51968062d675cce5b20cfae8a2,FSDN-000320,[REDACTED_LOCAL_PATH]\Tony Hidayat\MM_Audio_Routing\source_archives\FSDnoisy18k.audio_test.zip!FSDnoisy18k.audio_test/378299.wav
7f3e7d2c31dcaee0492225d33b648950c1ea1bf377d4c7d449d3654a17d79947,IRMAS,0005294581256f8d6d7a9f150d2ca190f0bc245ded6b9972638e7a8f2182c248,01a648e18ceba320e1249152f5bb2d19e33a19c48fab2444f2f9c393e2426790,cc57c7eadd783d3488214f5f2d6a8f363e2fbc75b1b219474b9e8b4aafb6b890,48000,1,16,96000,2.000000000,[REDACTED_LOCAL_PATH]\Tony Hidayat\AQ_OpenWorld_Codec_Provenance\23_confirmation_corpus_c1a\canonical_selected\IRMAS_01a648e18ceba320e1249152.wav,01a648e18ceba320e1249152f5bb2d19e33a19c48fab2444f2f9c393e2426790,IRMA-004635,[REDACTED_LOCAL_PATH]\Tony Hidayat\MM_Audio_Routing\source_archives\IRMAS-TrainingData.zip!IRMAS-TrainingData/sax/[sax][jaz_blu]1784__2.wav
4223bd180f5eebf9a28af610bdcb6bb6dceeb51c267fea0aee1b798ce4bfec36,IRMAS,000e4f2a735ff192cbe24d2d6b9f968f560ba6a71202cee6030e3f8235be86ec,4f2cd6982d98bcc671f96aa0803fc0e5c53d601d0cdc62d8b3a5c99e58e78381,9fdae6dd5754033947620c3b32265bba0d5722ec09fe05d47ca6a76c31c68ffd,48000,1,16,96000,2.000000000,[REDACTED_LOCAL_PATH]\Tony Hidayat\AQ_OpenWorld_Codec_Provenance\23_confirmation_corpus_c1a\canonical_selected\IRMAS_4f2cd6982d98bcc671f96aa0.wav,4f2cd6982d98bcc671f96aa0803fc0e5c53d601d0cdc62d8b3a5c99e58e78381,IRMA-002940,[REDACTED_LOCAL_PATH]\Tony Hidayat\MM_Audio_Routing\source_archives\IRMAS-TrainingData.zip!IRMAS-TrainingData/org/[org][jaz_blu]1167__1.wav
9b0dd68e66c39d9b0395b392bbdb5bcd9ecec9d67c33dfa26b061118fe3e2fae,IRMAS,001de8ea41af540e5e158e1baa5ad23c9aa89517772593f8daac8665f56aa0f3,3b4f9ae503b41b236828e4b8ee258a83b7083dba2228cc666f1047f2b2510f9d,38a140676190b9b754c7539ee5acdec7ab496fc022938fd5478c6659a475d59a,48000,1,16,96000,2.000000000,[REDACTED_LOCAL_PATH]\Tony Hidayat\AQ_OpenWorld_Codec_Provenance\23_confirmation_corpus_c1a\canonical_selected\IRMAS_3b4f9ae503b41b236828e4b8.wav,3b4f9ae503b41b236828e4b8ee258a83b7083dba2228cc666f1047f2b2510f9d,IRMA-005333,[REDACTED_LOCAL_PATH]\Tony Hidayat\MM_Audio_Routing\source_archives\IRMAS-TrainingData.zip!IRMAS-TrainingData/tru/[tru][pop_roc]2053__1.wav
604c6105844a7127a7be9bd30ccee96812006219f5415509fa68fd1115af265a,IRMAS,002e1a0c34a62398efaa752545b20831cc7670116f982c665c117c011dd2b57c,81f32987f4f860558c81be8d64dba56495766c3b0ef28b96e5001ca7c26c35d6,2b38203e17dec9eeb9f2d72663fbaa04c4c408a9d2e5cff559b657e6e1f71086,48000,1,16,96000,2.000000000,[REDACTED_LOCAL_PATH]\Tony Hidayat\AQ_OpenWorld_Codec_Provenance\23_confirmation_corpus_c1a\canonical_selected\IRMAS_81f32987f4f860558c81be8d.wav,81f32987f4f860558c81be8d64dba56495766c3b0ef28b96e5001ca7c26c35d6,IRMA-004202,[REDACTED_LOCAL_PATH]\Tony Hidayat\MM_Audio_Routing\source_archives\IRMAS-TrainingData.zip!IRMAS-TrainingData/sax/068__[sax][nod][cla]1681__1.wav
6d602ad5fcf423db9fb024a38ca7b0f125f843904b69eb4d3d18b41490b2bca6,IRMAS,0041ef14dd19c4f4c47c7e7de8975092a3a011ca7f0beba1a95374237b22aa5b,d0adf6998e5f3f21c31ea3943dca9a618022cf29548b18676d605e3db5dd5a5f,43445cb4be2b2159b3f024978acd7654a51d31c5a3e6b99c72d1801af6b23fb7,48000,1,16,96000,2.000000000,[REDACTED_LOCAL_PATH]\Tony Hidayat\AQ_OpenWorld_Codec_Provenance\23_confirmation_corpus_c1a\canonical_selected\IRMAS_d0adf6998e5f3f21c31ea394.wav,d0adf6998e5f3f21c31ea3943dca9a618022cf29548b18676d605e3db5dd5a5f,IRMA-000788,[REDACTED_LOCAL_PATH]\Tony Hidayat\MM_Audio_Routing\source_archives\IRMAS-TrainingData.zip!IRMAS-TrainingData/cla/[cla][pop_roc]0193__1.wav
ed4c08c234f7fc97effd7fbf1af994c373271c49f3b4e939c111d5ebc7345809,IRMAS,00491313f62a4c51403190f4ec02f26c9f178f0e7e97503aea0224db40598735,f40ba136f865ffa64b779551ab1e5a389a71c4c9d6fa917eee668b16f0b6f4df,db3d212a0859e39b9c8bd890982c7b48e900fae6bd0750286d95cfa6138aab07,48000,1,16,96000,2.000000000,[REDACTED_LOCAL_PATH]\Tony Hidayat\AQ_OpenWorld_Codec_Provenance\23_confirmation_corpus_c1a\canonical_selected\IRMAS_f40ba136f865ffa64b779551.wav,f40ba136f865ffa64b779551ab1e5a389a71c4c9d6fa917eee668b16f0b6f4df,IRMA-005415,[REDACTED_LOCAL_PATH]\Tony Hidayat\MM_Audio_Routing\source_archives\IRMAS-TrainingData.zip!IRMAS-TrainingData/vio/084__[vio][nod][cla]2149__3.wav
7b06fd124684034d0a142df9d63f1ca6ce18816074ce14daaf09302e28ddddeb,IRMAS,0056b0fcf46e651a42a67ce49a56a74fdaac21a22ff67dceeb55a85b8e443dd8,8920e8f89fb34a365980e29b612dfaed4c0b57493ded363fb33878111dc6f5b6,d3d4e8f4c472c71aa0ed9bc47bddc0b90b90eaa016d1a4963cfef2fd5c4031f6,48000,1,16,96000,2.000000000,[REDACTED_LOCAL_PATH]\Tony Hidayat\AQ_OpenWorld_Codec_Provenance\23_confirmation_corpus_c1a\canonical_selected\IRMAS_8920e8f89fb34a365980e29b.wav,8920e8f89fb34a365980e29b612dfaed4c0b57493ded363fb33878111dc6f5b6,IRMA-003515,[REDACTED_LOCAL_PATH]\Tony Hidayat\MM_Audio_Routing\source_archives\IRMAS-TrainingData.zip!IRMAS-TrainingData/pia/134__[pia][nod][cla]1405__3.wav
307a87c3a58133b84b776a7c2ac3def50ce1ffbf31da388498c5bb5f30a455bc,IRMAS,00587d29b0f99310db727b80a999d18f1527b98fdadd70896cb1140384e3f212,198c89462504a87a19346fb9b10ed2ea2fd7bf3eca393bb0adffb41407036a38,b8ef6d93367deed47d7717f789533f3d9e6895dd9eed5c3c968da66861ce51ce,48000,1,16,96000,2.000000000,[REDACTED_LOCAL_PATH]\Tony Hidayat\AQ_OpenWorld_Codec_Provenance\23_confirmation_corpus_c1a\canonical_selected\IRMAS_198c89462504a87a19346fb9.wav,198c89462504a87a19346fb9b10ed2ea2fd7bf3eca393bb0adffb41407036a38,IRMA-000160,[REDACTED_LOCAL_PATH]\Tony Hidayat\MM_Audio_Routing\source_archives\IRMAS-TrainingData.zip!IRMAS-TrainingData/cel/[cel][cla]0072__2.wav
ff3abd41f3703059aa7466f76065ee97d4c7fbd1cb6ea95fdf0da7fe8a9e00e5,IRMAS,005ab69e5a2cfde06c6248623afd68c7a3925535be9c30962e61329a35362e67,a3986679830e2662a7725985009b49a29030918805d0705bbe64351a7a2fdcb8,1302e0015941e1905a1299bf8cb071cb619cc39cf73452b54257a3a14e5eef08,48000,1,16,96000,2.000000000,[REDACTED_LOCAL_PATH]\Tony Hidayat\AQ_OpenWorld_Codec_Provenance\23_confirmation_corpus_c1a\canonical_selected\IRMAS_a3986679830e2662a7725985.wav,a3986679830e2662a7725985009b49a29030918805d0705bbe64351a7a2fdcb8,IRMA-001140,[REDACTED_LOCAL_PATH]\Tony Hidayat\MM_Audio_Routing\source_archives\IRMAS-TrainingData.zip!IRMAS-TrainingData/flu/[flu][jaz_blu]0446__2.wav
b0c634802c9198103bdea348183df0b45896791cd10162f9dd15b2edc849d46b,IRMAS,005ce6c956504bc4656d944523f0e817458c57891638920bf5041b65faaedaa0,6579c8767739f0c023dd9a2b53b9e07dc27a774aa1055d3b2ea9edd43ae34a9d,883fdb7000f224262f88ec279fe85df467f233d2f94b85907d15b08aa08885b6,48000,1,16,96000,2.000000000,[REDACTED_LOCAL_PATH]\Tony Hidayat\AQ_OpenWorld_Codec_Provenance\23_confirmation_corpus_c1a\canonical_selected\IRMAS_6579c8767739f0c023dd9a2b.wav,6579c8767739f0c023dd9a2b53b9e07dc27a774aa1055d3b2ea9edd43ae34a9d,IRMA-000620,[REDACTED_LOCAL_PATH]\Tony Hidayat\MM_Audio_Routing\source_archives\IRMAS-TrainingData.zip!IRMAS-TrainingData/cla/[cla][jaz_blu]0156__3.wav
19b052e9a0ec44db78dd36e49ae4da04ba980f371ab5389b29ef0b821b15ef57,IRMAS,006b172ebd182245e3cb9245c9876594c61691e48d085bac48ced9d708639d18,cfe9866ee22921b922e97c2cf2886d0ebed69d875acb70fad42cb43dad60af62,56ca8b7e01110be97f4984d9701d59ab0a03d1f42f9b4c73ae9111e839805381,48000,1,16,96000,2.000000000,[REDACTED_LOCAL_PATH]\Tony Hidayat\AQ_OpenWorld_Codec_Provenance\23_confirmation_corpus_c1a\canonical_selected\IRMAS_cfe9866ee22921b922e97c2c.wav,cfe9866ee22921b922e97c2cf2886d0ebed69d875acb70fad42cb43dad60af62,IRMA-001472,[REDACTED_LOCAL_PATH]\Tony Hidayat\MM_Audio_Routing\source_archives\IRMAS-TrainingData.zip!IRMAS-TrainingData/gac/[gac][cla]0552__1.wav
d607134f6ff074b0e428f705410f67ec9f16dbd14e4d8f55dcd4435eac0db446,IRMAS,008a42fee80d72dd4c68bfa72168bb484c275c4c98d148edcc67b7bee41ad883,a348ebea75ce93419cac8796c3d0706c45ea27d260a94c977ee89439693c95d5,69c0790ed91b2136b5f6658268b46489365758eba79676fa203cdc4c98c98f34,48000,1,16,96000,2.000000000,[REDACTED_LOCAL_PATH]\Tony Hidayat\AQ_OpenWorld_Codec_Provenance\23_confirmation_corpus_c1a\canonical_selected\IRMAS_a348ebea75ce93419cac8796.wav,a348ebea75ce93419cac8796c3d0706c45ea27d260a94c977ee89439693c95d5,IRMA-002322,[REDACTED_LOCAL_PATH]\Tony Hidayat\MM_Audio_Routing\source_archives\IRMAS-TrainingData.zip!IRMAS-TrainingData/gel/219__[gel][dru][pop_roc]0983__2.wav
152975d31e4b7f07399146a6a6eb982417780888726f5543c4812474ec4f21e0,IRMAS,009263c76a58afffb09d5f7764798d909529905964469174bfedfaaaee4259f7,189589589fc94d88a2aef22a6070dd6d254117a4aebf532ccb32651c33650154,94458d2936da16709faba7d1ba37cd8d1bc2a291b3faffe43facc0e3fcdbe35b,48000,1,16,96000,2.000000000,[REDACTED_LOCAL_PATH]\Tony Hidayat\AQ_OpenWorld_Codec_Provenance\23_confirmation_corpus_c1a\canonical_selected\IRMAS_189589589fc94d88a2aef22a.wav,189589589fc94d88a2aef22a6070dd6d254117a4aebf532ccb32651c33650154,IRMA-002142,[REDACTED_LOCAL_PATH]\Tony Hidayat\MM_Audio_Routing\source_archives\IRMAS-TrainingData.zip!IRMAS-TrainingData/gel/098__[gel][dru][pop_roc]0837__1.wav
7417419247f44ee526ec8b6ba802b68c7afd21ce7082c8f5816d4f31174bfd1a,IRMAS,0092e57f8144addc96b289ecf6de6c9baefcf5f3c64f2c6ddb7a0ad1c0a61db1,60e0b8ed860e854ea3f4c713c04067522da07313a73bd5a085f1db46a62d7d91,502c198c5c5daefe7d488b424c4f6d6067ac614eb26b0ef3e5d09ef7bc43ca3b,48000,1,16,96000,2.000000000,[REDACTED_LOCAL_PATH]\Tony Hidayat\AQ_OpenWorld_Codec_Provenance\23_confirmation_corpus_c1a\canonical_selected\IRMAS_60e0b8ed860e854ea3f4c713.wav,60e0b8ed860e854ea3f4c713c04067522da07313a73bd5a085f1db46a62d7d91,IRMA-006090,[REDACTED_LOCAL_PATH]\Tony Hidayat\MM_Audio_Routing\source_archives\IRMAS-TrainingData.zip!IRMAS-TrainingData/voi/090__[voi][nod][cou_fol]2390__1.wav
da1b158516538de87bfc81641722901fdc27b7ad94133d7cbf05975e2d378c9e,IRMAS,00a26f28d00d7c422302f6fa067a856fd0063d7268c2eebef84e9e3059b6698e,42437f6ad73c41670418246799a3c2865a90b1f73c38013607569c2dfaccff1f,816e21592fc8bf25a1c8efac2363d71f28de2becd13272c6086ad22d2455c9ac,48000,1,16,96000,2.000000000,[REDACTED_LOCAL_PATH]\Tony Hidayat\AQ_OpenWorld_Codec_Provenance\23_confirmation_corpus_c1a\canonical_selected\IRMAS_42437f6ad73c416704182467.wav,42437f6ad73c41670418246799a3c2865a90b1f73c38013607569c2dfaccff1f,IRMA-003684,[REDACTED_LOCAL_PATH]\Tony Hidayat\MM_Audio_Routing\source_archives\IRMAS-TrainingData.zip!IRMAS-TrainingData/pia/[pia][cla]1364__1.wav
9ce5ed39a18ef74d6a4a1d3839989266d80ec42d4a2c3d16b1e5bd76ba545ebe,IRMAS,00a7097c94c61e11242a9b54f19311b5d9e95d2c4cc21f7e82e3b5d8bb607848,5d7e21231fad41cd6cf5e71b931f5861eb7fa73dfc8a30c4b9005e1694a79f13,ccd69c451ee55655660ebdaf4f69ec55789609312845843a69f96b451c469037,48000,1,16,96000,2.000000000,[REDACTED_LOCAL_PATH]\Tony Hidayat\AQ_OpenWorld_Codec_Provenance\23_confirmation_corpus_c1a\canonical_selected\IRMAS_5d7e21231fad41cd6cf5e71b.wav,5d7e21231fad41cd6cf5e71b931f5861eb7fa73dfc8a30c4b9005e1694a79f13,IRMA-000428,[REDACTED_LOCAL_PATH]\Tony Hidayat\MM_Audio_Routing\source_archives\IRMAS-TrainingData.zip!IRMAS-TrainingData/cla/060__[cla][nod][cla]0216__2.wav
55ecbababb83250b82685bd75d392ddbe7ac3d64dccf635bd2ddfeeb42cf2992,IRMAS,00b006e02e9a73aa37c6a2302f0b86a4e7568ccad32718a479115b8e070267b6,40f0eae7002dbb7cc7e1bde02e87b9e42f1ee7de571a6858f8733bb0c43c4378,4871a3b91d77b0fad67f52fd317f503e1ab7896d8ffe4286d52906ebc35f2dc1,48000,1,16,96000,2.000000000,[REDACTED_LOCAL_PATH]\Tony Hidayat\AQ_OpenWorld_Codec_Provenance\23_confirmation_corpus_c1a\canonical_selected\IRMAS_40f0eae7002dbb7cc7e1bde0.wav,40f0eae7002dbb7cc7e1bde02e87b9e42f1ee7de571a6858f8733bb0c43c4378,IRMA-004625,[REDACTED_LOCAL_PATH]\Tony Hidayat\MM_Audio_Routing\source_archives\IRMAS-TrainingData.zip!IRMAS-TrainingData/sax/[sax][jaz_blu]1781__1.wav
04e266b73632e07d9032c99e2105cfb287f384c1bda560201680c02ad6d2b9d9,IRMAS,00b9fa0d07b3786db4bcd6a0ddd94572ca58ec484575209f03026e5f3f0020b7,98f17729982d20e9a3d188fd6ccb1e231ba96dd21404ba97212c3ff7e10f803f,37bf3ed09d5a94d1bb1b0b33daff0b33932f7e7befaa65de424b1a08f40ed656,48000,1,16,96000,2.000000000,[REDACTED_LOCAL_PATH]\Tony Hidayat\AQ_OpenWorld_Codec_Provenance\23_confirmation_corpus_c1a\canonical_selected\IRMAS_98f17729982d20e9a3d188fd.wav,98f17729982d20e9a3d188fd6ccb1e231ba96dd21404ba97212c3ff7e10f803f,IRMA-004534,[REDACTED_LOCAL_PATH]\Tony Hidayat\MM_Audio_Routing\source_archives\IRMAS-TrainingData.zip!IRMAS-TrainingData/sax/[sax][jaz_blu]1739__3.wav
d01de8e805749b4a6b4d761d85640fe2c3c1d524fcc03af41060b00f70ac58a9,IRMAS,00d384cbbc0e1eb77f676f9ca5754a4ec0dd5af1e35da249665a6262d98baf66,f8e8015482d64f37cf52033ef9d2cc0d678d5d97a5c5279e1bfe4b3fb63208bb,87ba02a62e70bca2f840d13cbddbe3605d7164122eebe7595862c2acf2862458,48000,1,16,96000,2.000000000,[REDACTED_LOCAL_PATH]\Tony Hidayat\AQ_OpenWorld_Codec_Provenance\23_confirmation_corpus_c1a\canonical_selected\IRMAS_f8e8015482d64f37cf52033e.wav,f8e8015482d64f37cf52033ef9d2cc0d678d5d97a5c5279e1bfe4b3fb63208bb,IRMA-001907,[REDACTED_LOCAL_PATH]\Tony Hidayat\MM_Audio_Routing\source_archives\IRMAS-TrainingData.zip!IRMAS-TrainingData/gac/[gac][pop_roc]0698__3.wav
235042f5f0d3b96f189da6e2dab2b4bdfa7b3e22a38a0257787b0a4095f29ab3,IRMAS,00dd8ad6eba732257b5a8220638f2988781c21237ae20285527af3ce38cea475,4c4efd4bd951c67b603fa005e6fc41c5879294bcb6298a4e453b96eb44e4264f,927870edcb3e65f9dae762338872893abc26d420859e6fa9e78cad69d74112dd,48000,1,16,96000,2.000000000,[REDACTED_LOCAL_PATH]\Tony Hidayat\AQ_OpenWorld_Codec_Provenance\23_confirmation_corpus_c1a\canonical_selected\IRMAS_4c4efd4bd951c67b603fa005.wav,4c4efd4bd951c67b603fa005e6fc41c5879294bcb6298a4e453b96eb44e4264f,IRMA-005517,[REDACTED_LOCAL_PATH]\Tony Hidayat\MM_Audio_Routing\source_archives\IRMAS-TrainingData.zip!IRMAS-TrainingData/vio/178__[vio][nod][cou_fol]2196__3.wav
fbc3e8bb125b96e5a91e5f7da2dc4217a59bac2f063a667378e2ae1a915487f0,Orchset,04489db242ddb45dd789c9b784543877ee506dec4e7ce290f711fd0a6270d098,27e88f194acebb061c7c47d794ebce83baacc883af2103a4013f88fde917becd,be535a0bd68a9f46213fd0363af0c8976fc9b8f6df0001e191c9962104ab66ed,48000,1,16,96000,2.000000000,[REDACTED_LOCAL_PATH]\Tony Hidayat\AQ_OpenWorld_Codec_Provenance\23_confirmation_corpus_c1a\canonical_selected\Orchset_27e88f194acebb061c7c47d7.wav,27e88f194acebb061c7c47d794ebce83baacc883af2103a4013f88fde917becd,ORCH-000032,[REDACTED_LOCAL_PATH]\Tony Hidayat\MM_Audio_Routing\source_archives\Orchset_dataset_0.zip!Orchset/audio/mono/Musorgski-Ravel-PicturesExhibition-ex10.wav
32bb5a4f4c5992d2cd5668570cb94ad647f97cd796f5a721b2a7d6b30be2871a,Orchset,08585c7d24be7c6ad3f60258b236f73ae8f8766dd414e1d43d7454bf9812f0f3,b7cb9ee04001abebc2535d1673c99c62184d57d029c9ee47dfe2b782fca54588,dc3607a7e03f15abc24861a7f7c637744a5b03cf5bb2844affb1388a9cd3c2b8,48000,1,16,96000,2.000000000,[REDACTED_LOCAL_PATH]\Tony Hidayat\AQ_OpenWorld_Codec_Provenance\23_confirmation_corpus_c1a\canonical_selected\Orchset_b7cb9ee04001abebc2535d16.wav,b7cb9ee04001abebc2535d1673c99c62184d57d029c9ee47dfe2b782fca54588,ORCH-000001,[REDACTED_LOCAL_PATH]\Tony Hidayat\MM_Audio_Routing\source_archives\Orchset_dataset_0.zip!Orchset/audio/mono/Beethoven-S3-I-ex1.wav
d5f3ec2c2d840a57c04286b17ca74ba4603d7ebaf89ef6bdf7fae0325468f1a7,Orchset,098b4c0a5a68653f14e20a4c3c2ec92804791e6a06512cee6f82a821305b8304,2167d4ec6ad7fbe57cb222dc9a6847c71a47dd25172b0d6f0660322d4d42b4b8,772205138027563ee5e76ed55ae3c549ff89379306e9fe25cd20820dfc19ff9d,48000,1,16,96000,2.000000000,[REDACTED_LOCAL_PATH]\Tony Hidayat\AQ_OpenWorld_Codec_Provenance\23_confirmation_corpus_c1a\canonical_selected\Orchset_2167d4ec6ad7fbe57cb222dc.wav,2167d4ec6ad7fbe57cb222dc9a6847c71a47dd25172b0d6f0660322d4d42b4b8,ORCH-000058,[REDACTED_LOCAL_PATH]\Tony Hidayat\MM_Audio_Routing\source_archives\Orchset_dataset_0.zip!Orchset/audio/mono/Smetana-MaVlast-Vltava-ex4.wav
9a14e19f8584926dc02779e93be615958e938873dbe0be459b7e89031cb7161b,Orchset,0a3e5422f25fc9e9ead7e661a84f93ee41032e2688a2ad4726851724928222d1,07d094030721a61f82b4dd2cdaca377489b2332af6ffa1dd57b98b584e3d38e7,95a4f5e3cdd6c7534051fdffebb95225c04d6c92935cd16dcfca1f9868027298,48000,1,16,96000,2.000000000,[REDACTED_LOCAL_PATH]\Tony Hidayat\AQ_OpenWorld_Codec_Provenance\23_confirmation_corpus_c1a\canonical_selected\Orchset_07d094030721a61f82b4dd2c.wav,07d094030721a61f82b4dd2cdaca377489b2332af6ffa1dd57b98b584e3d38e7,ORCH-000004,[REDACTED_LOCAL_PATH]\Tony Hidayat\MM_Audio_Routing\source_archives\Orchset_dataset_0.zip!Orchset/audio/mono/Beethoven-S3-I-ex5.wav
71257b3b0290e7aed231858bc642921c25feb51815060b2e340bd4f03fc899b8,Orchset,0e486b3d5da282fe47feac44b73161135ed555ddc9984d6cd248633eb542b403,ce1b51d6ffae35792c880e42629f557fb5f836480dac49c4555990d70816ff96,00e9750e01636f491b394e7419c10cfeb7567bf09b8fb5f64f630e9ffe741384,48000,1,16,96000,2.000000000,[REDACTED_LOCAL_PATH]\Tony Hidayat\AQ_OpenWorld_Codec_Provenance\23_confirmation_corpus_c1a\canonical_selected\Orchset_ce1b51d6ffae35792c880e42.wav,ce1b51d6ffae35792c880e42629f557fb5f836480dac49c4555990d70816ff96,ORCH-000108,[REDACTED_LOCAL_PATH]\Tony Hidayat\MM_Audio_Routing\source_archives\Orchset_dataset_0.zip!Orchset/audio/stereo/Ravel-Bolero-ex2.wav
9a5bfb18119863a280c7d3ce9aa674b1f47fcb10b67a41351ab9519a40b173e8,Orchset,0e69f0a71e78b8da95a9cdd0fcbbf2d3db7b44c7c15efdaa1a83afc0dedfc3e7,761ad0e17343367b4d84505ef552c98a4acf2194f89627ebcc781a1e309ebc8c,a7dc0d6311bc0351939ab85bc7ad72b15f53b450dc06c61243b13230f6efdc26,48000,1,16,96000,2.000000000,[REDACTED_LOCAL_PATH]\Tony Hidayat\AQ_OpenWorld_Codec_Provenance\23_confirmation_corpus_c1a\canonical_selected\Orchset_761ad0e17343367b4d84505e.wav,761ad0e17343367b4d84505ef552c98a4acf2194f89627ebcc781a1e309ebc8c,ORCH-000127,[REDACTED_LOCAL_PATH]\Tony Hidayat\MM_Audio_Routing\source_archives\Orchset_dataset_0.zip!Orchset/audio/stereo/Tchaikovsky-SwanLake-Scene-ex2.wav
a00c91ab0d48301f4edec660beaabbf377a191b4648291e8d255630a3748197e,Orchset,11196507808ac9b556b09f2e12b0ec700ad5b20d5eac15823acabc719563b1c2,e35076ded3b7067dfa4ea9745d9356e59dab081113cd273223fddda44d17794d,f87766f9dc31f6cf8522e0eea9296c8a4b55f19bcf1abdd007845559ba7bf1fa,48000,1,16,96000,2.000000000,[REDACTED_LOCAL_PATH]\Tony Hidayat\AQ_OpenWorld_Codec_Provenance\23_confirmation_corpus_c1a\canonical_selected\Orchset_e35076ded3b7067dfa4ea974.wav,e35076ded3b7067dfa4ea9745d9356e59dab081113cd273223fddda44d17794d,ORCH-000013,[REDACTED_LOCAL_PATH]\Tony Hidayat\MM_Audio_Routing\source_archives\Orchset_dataset_0.zip!Orchset/audio/mono/Beethoven-S9-II-ex3.wav
e849cdfb26f0a4cad62d984a582bd4c4e8b0058cdf759abbda6d6e2d99e3e30f,Orchset,117438af471de7f58c9321b7fd1dfcde8481c53a229c1593e7493120cd0c7411,bafdbb36466ecd049a0a19ec20a34b2713383f5c439e9c39bfd4e7ae1e6d7284,4b1543e9f74cdc286b792b35432b6c689af245b231d28595a319eacd7d1d4330,48000,1,16,96000,2.000000000,[REDACTED_LOCAL_PATH]\Tony Hidayat\AQ_OpenWorld_Codec_Provenance\23_confirmation_corpus_c1a\canonical_selected\Orchset_bafdbb36466ecd049a0a19ec.wav,bafdbb36466ecd049a0a19ec20a34b2713383f5c439e9c39bfd4e7ae1e6d7284,ORCH-000076,[REDACTED_LOCAL_PATH]\Tony Hidayat\MM_Audio_Routing\source_archives\Orchset_dataset_0.zip!Orchset/audio/stereo/Beethoven-S9-II-ex2.wav
b50b80c2457e0429adc60e2785a877d3dadbc4b837bfcf2a324dfd25415bc6e6,Orchset,143a7d8fb5b74dd7718a95cc1cd38faa298363a2de1de6202a7ee5df7ddabdad,0decd691c48d191fb6f489a4407c64d794237c82cae1bb94e339ef622ecb6f1d,cb2034f5961259fe709e8b01402b016d49ed2340b78d5109e41ee0151a24bd53,48000,1,16,96000,2.000000000,[REDACTED_LOCAL_PATH]\Tony Hidayat\AQ_OpenWorld_Codec_Provenance\23_confirmation_corpus_c1a\canonical_selected\Orchset_0decd691c48d191fb6f489a4.wav,0decd691c48d191fb6f489a4407c64d794237c82cae1bb94e339ef622ecb6f1d,ORCH-000116,[REDACTED_LOCAL_PATH]\Tony Hidayat\MM_Audio_Routing\source_archives\Orchset_dataset_0.zip!Orchset/audio/stereo/Rimski-Korsakov-Scheherazade-YoungPrincePrincess-ex1.wav
03b08addfacc41a0a05967c87d17999c60d1c15634809cac14bf35785e666151,Orchset,16de8b049aafe37874bff97ce09b478af1582c63c94db1e345ac10dc79c0fae2,378dc76db37403cdfd8013992b463a5acf174bc7f5f2186c1673479b13d3e424,7a8c9ec8a4ed8330da578c8f37377043ce4093b622fa52f14dae7e381f311c67,48000,1,16,96000,2.000000000,[REDACTED_LOCAL_PATH]\Tony Hidayat\AQ_OpenWorld_Codec_Provenance\23_confirmation_corpus_c1a\canonical_selected\Orchset_378dc76db37403cdfd801399.wav,378dc76db37403cdfd8013992b463a5acf174bc7f5f2186c1673479b13d3e424,ORCH-000031,[REDACTED_LOCAL_PATH]\Tony Hidayat\MM_Audio_Routing\source_archives\Orchset_dataset_0.zip!Orchset/audio/mono/Holst-ThePlanets-Jupiter-ex4.wav
bc2cfcc89bb1c4d87d839fcde2d55e33b0c30b5a7a0ab634852ac5369c386cc8,Orchset,19f376e9979981889bf541f9249111a1b40d58dd5a579c22e2476ed730436627,09c5089448cb7f7f9b892253f4594e1806c427a4d4f9fb529a0a78e8089df3a6,6fc78f8b49435fd2998f6bdee710eaf1a530ad224c11aa8d4add66ec05d51593,48000,1,16,96000,2.000000000,[REDACTED_LOCAL_PATH]\Tony Hidayat\AQ_OpenWorld_Codec_Provenance\23_confirmation_corpus_c1a\canonical_selected\Orchset_09c5089448cb7f7f9b892253.wav,09c5089448cb7f7f9b892253f4594e1806c427a4d4f9fb529a0a78e8089df3a6,ORCH-000092,[REDACTED_LOCAL_PATH]\Tony Hidayat\MM_Audio_Routing\source_archives\Orchset_dataset_0.zip!Orchset/audio/stereo/Holst-ThePlanets-Jupiter-ex1.wav
a10fcb4676ffef114bb7f7fb50068fd244704e05118918df2fc08685ac456028,Orchset,1acd358d9e1f75b55e241533b902895fd296b65b8cbd0f41355b9d236770dc1b,068aa992835b7f93b61e7bb3bc7b343854960a98239d9562e62199f4b32683ce,f5ed66a9d9226a5e046f16a41dfb15b4241644b6f5dc47518a1c0f228d5ef320,48000,1,16,96000,2.000000000,[REDACTED_LOCAL_PATH]\Tony Hidayat\AQ_OpenWorld_Codec_Provenance\23_confirmation_corpus_c1a\canonical_selected\Orchset_068aa992835b7f93b61e7bb3.wav,068aa992835b7f93b61e7bb3bc7b343854960a98239d9562e62199f4b32683ce,ORCH-000007,[REDACTED_LOCAL_PATH]\Tony Hidayat\MM_Audio_Routing\source_archives\Orchset_dataset_0.zip!Orchset/audio/mono/Beethoven-S5-II-ex1.wav
7b17c70eeba0f7a9ddd0d5186ccc1c06d345dc9c0f9cb91132a33f202fdad9b3,Orchset,1cda90c81cab51257b44d503f8d9c3f686b532ad3decaadff97f8c4f926d52c0,f07fb20c358c45a3d45b6c284013f16f5fad90d4ddac7e024b32324c282ffd43,8b4711f3ad2ae5dd30f964200be4e31b89fe3d43cf3d996fca438d411f56968e,48000,1,16,96000,2.000000000,[REDACTED_LOCAL_PATH]\Tony Hidayat\AQ_OpenWorld_Codec_Provenance\23_confirmation_corpus_c1a\canonical_selected\Orchset_f07fb20c358c45a3d45b6c28.wav,f07fb20c358c45a3d45b6c284013f16f5fad90d4ddac7e024b32324c282ffd43,ORCH-000098,[REDACTED_LOCAL_PATH]\Tony Hidayat\MM_Audio_Routing\source_archives\Orchset_dataset_0.zip!Orchset/audio/stereo/Musorgski-Ravel-PicturesExhibition-ex4.wav
7500ff5440fd6062274a36fb2fe3c14a0b72d29b8a828dc63061f854e678aada,Orchset,1e6a9a76b34864268f9d363abae5926f22c37200e8aca48486f649623cb02a08,e8e040f7add2a71db11c5c69f90de089beb05c801cff7c60b905461a793075df,0b751fe31f3de98ef3fed14208af8767346052884e5593f8ef650441b542c9ce,48000,1,16,96000,2.000000000,[REDACTED_LOCAL_PATH]\Tony Hidayat\AQ_OpenWorld_Codec_Provenance\23_confirmation_corpus_c1a\canonical_selected\Orchset_e8e040f7add2a71db11c5c69.wav,e8e040f7add2a71db11c5c69f90de089beb05c801cff7c60b905461a793075df,ORCH-000100,[REDACTED_LOCAL_PATH]\Tony Hidayat\MM_Audio_Routing\source_archives\Orchset_dataset_0.zip!Orchset/audio/stereo/Musorgski-Ravel-PicturesExhibition-ex6.wav
098a96b7295f1e828ebe073a5d0dcd09939c50f48603e3771076eff1e787719f,Orchset,1e74113af10d1fa18ccfe16a5124bff51a3af1376f0e8bf40aded6b193a58ba3,2de8241e58801ba75659ac4eb3dee5cce98785a8b59dfe017f4e45ab1aaa1547,90c05a84fdb7041e85e1328fe2105a28179bd9d545ca9f98e9dca04da9008f56,48000,1,16,96000,2.000000000,[REDACTED_LOCAL_PATH]\Tony Hidayat\AQ_OpenWorld_Codec_Provenance\23_confirmation_corpus_c1a\canonical_selected\Orchset_2de8241e58801ba75659ac4e.wav,2de8241e58801ba75659ac4eb3dee5cce98785a8b59dfe017f4e45ab1aaa1547,ORCH-000053,[REDACTED_LOCAL_PATH]\Tony Hidayat\MM_Audio_Routing\source_archives\Orchset_dataset_0.zip!Orchset/audio/mono/Rimski-Korsakov-Scheherazade-YoungPrincePrincess-ex2.wav
9b60a80dc4c7adabbf1e7aece4b934aebeedb915290940c4279dbb0f889c5d91,Orchset,221ba302a089d1c60ba8ac453ff858bdb0fb92fc9cd131a72729d985c261e3f7,6379ccab6e6119bcac6ec381237363058765b4447d1075ee4fe0d48a2d198657,2fcc9fac161f38ae34f65218bc9052373bc73531cffcdaad9b2f91b492a970c7,48000,1,16,96000,2.000000000,[REDACTED_LOCAL_PATH]\Tony Hidayat\AQ_OpenWorld_Codec_Provenance\23_confirmation_corpus_c1a\canonical_selected\Orchset_6379ccab6e6119bcac6ec381.wav,6379ccab6e6119bcac6ec381237363058765b4447d1075ee4fe0d48a2d198657,ORCH-000070,[REDACTED_LOCAL_PATH]\Tony Hidayat\MM_Audio_Routing\source_archives\Orchset_dataset_0.zip!Orchset/audio/stereo/Beethoven-S5-I-ex1.wav
c693eba40527814aa4a51672d2c3c965f2e82313349f5d7dcaa916dd0a073ea7,Orchset,23742854df003d41cc8e1d9f7e19e49cf6b5903da9fc80443bea43248d7f7b59,809b4c956d169eef275e1162156f5a72f62184c1c4292dc06786241965ccc8b1,ed8c5ca41ecd0e67b6b64dde9fd7733f6d81967dee775fdbdd2ea0c7639aea13,48000,1,16,96000,2.000000000,[REDACTED_LOCAL_PATH]\Tony Hidayat\AQ_OpenWorld_Codec_Provenance\23_confirmation_corpus_c1a\canonical_selected\Orchset_809b4c956d169eef275e1162.wav,809b4c956d169eef275e1162156f5a72f62184c1c4292dc06786241965ccc8b1,ORCH-000010,[REDACTED_LOCAL_PATH]\Tony Hidayat\MM_Audio_Routing\source_archives\Orchset_dataset_0.zip!Orchset/audio/mono/Beethoven-S7-II-ex2.wav
3b242b416fcf21df707289ef8cd405e933702e999d2d92d66f16b31debeb2ddb,Orchset,27c65e348e1cafe0a58caf223155d3b1859daec3715e00847c11fcd35a628074,9b62bd4cf3fba470348ec912607756a7127f3f0480b4769b00f13693b57a3249,0c124fcba5fa44571b6f48709a65d1fda0f771f2451d29994a3bb62a9957aeb5,48000,1,16,96000,2.000000000,[REDACTED_LOCAL_PATH]\Tony Hidayat\AQ_OpenWorld_Codec_Provenance\23_confirmation_corpus_c1a\canonical_selected\Orchset_9b62bd4cf3fba470348ec912.wav,9b62bd4cf3fba470348ec912607756a7127f3f0480b4769b00f13693b57a3249,ORCH-000085,[REDACTED_LOCAL_PATH]\Tony Hidayat\MM_Audio_Routing\source_archives\Orchset_dataset_0.zip!Orchset/audio/stereo/Dvorak-S9-IV-ex5.wav
eaf3ca531afb2bc4bd51f0db5b78bf5ac27dcc03a5c2d57ea4ca2d9a0e50f9bc,Orchset,2bb432ade18e2810a727ccdd760f32da8642e1bb996e1245bfef162b274bb311,3b1c80b46e9071706711df62b339369109a9e4c54e1b0081e47b3856944cc720,93bed2c3017a8a0040adc5c4b885c9e5c8713c94172d87341e88231cd52182e7,48000,1,16,96000,2.000000000,[REDACTED_LOCAL_PATH]\Tony Hidayat\AQ_OpenWorld_Codec_Provenance\23_confirmation_corpus_c1a\canonical_selected\Orchset_3b1c80b46e9071706711df62.wav,3b1c80b46e9071706711df62b339369109a9e4c54e1b0081e47b3856944cc720,ORCH-000054,[REDACTED_LOCAL_PATH]\Tony Hidayat\MM_Audio_Routing\source_archives\Orchset_dataset_0.zip!Orchset/audio/mono/Rimski-Korsakov-Scheherazade-YoungPrincePrincess-ex3.wav
842affdcb4c8468186666b82c1b9c5f54f54304c24dc5972b91a35d9703d9cb3,Orchset,2bb4c250c031d77e0342405989b3435a6edd21595cc76bf4dcbf85310078b807,adda88f8b9d0a840fed6f911025e1bbf6207291e1dab4eed9f1bb52c40c9ddfd,44def447d59e77058779cb294322ad96bb4d27caefbc090aa9e0a1b7620d398f,48000,1,16,96000,2.000000000,[REDACTED_LOCAL_PATH]\Tony Hidayat\AQ_OpenWorld_Codec_Provenance\23_confirmation_corpus_c1a\canonical_selected\Orchset_adda88f8b9d0a840fed6f911.wav,adda88f8b9d0a840fed6f911025e1bbf6207291e1dab4eed9f1bb52c40c9ddfd,ORCH-000051,[REDACTED_LOCAL_PATH]\Tony Hidayat\MM_Audio_Routing\source_archives\Orchset_dataset_0.zip!Orchset/audio/mono/Rimski-Korsakov-Scheherazade-Sea-SinbadShip-ex5.wav
